Path,Type,Title,H1,Word count,Target,Below target,FAQ count,Popular enquiry searches,RFQ checklist,CTA,Image status,Flags
/17-4ph-stainless-steel/,core,17-4PH Stainless Steel Enquiry Page | Bharat Metals Chennai,17-4PH Stainless Steel Enquiry Page,871,800,no,6,no,yes,yes,real image,
/2b-finish-stainless-steel-sheets-chennai/,core,2B Finish Stainless Steel Sheets in Chennai | Bharat Metals,2B Finish Stainless Steel Sheets in Chennai,931,800,no,6,yes,yes,yes,real image,
/about-us/,core,About Bharat Metals | Stainless Steel Dealers in Chennai Since 1986,About Bharat Metals,1752,600,no,10,yes,no,yes,real image,
/aluminium-bars/,secondary material,Aluminium Bars in Chennai | Bharat Metals,Aluminium Bars Suppliers in Chennai,637,450,no,5,no,yes,yes,real image,
/aluminium-coils/,secondary material,Aluminium Coils in Chennai | Bharat Metals,Aluminium Coils Suppliers in Chennai,637,450,no,5,no,yes,yes,real image,
/aluminium-flats/,secondary material,Aluminium Flats in Chennai | Bharat Metals,Aluminium Flats Suppliers in Chennai,637,450,no,5,no,yes,yes,real image,
/aluminium-pipes/,secondary material,Aluminium Pipes in Chennai | Bharat Metals,Aluminium Pipes Suppliers in Chennai,637,450,no,5,no,yes,yes,real image,
/aluminium-plates/,secondary material,Aluminium Plates in Chennai | Bharat Metals,Aluminium Plates Suppliers in Chennai,637,450,no,5,no,yes,yes,real image,
/aluminium-rods/,secondary material,Aluminium Rods in Chennai | Bharat Metals,Aluminium Rods Suppliers in Chennai,637,450,no,5,no,yes,yes,real image,
/aluminium-sheets/,secondary material,Aluminium Sheets in Chennai | Bharat Metals,Aluminium Sheets Suppliers in Chennai,637,450,no,5,no,yes,yes,real image,
/aluminium/,secondary material,Aluminium Suppliers in Chennai | Bharat Metals,Aluminium Suppliers in Chennai,1149,450,no,6,yes,yes,yes,real image,
/astm-a213-stainless-steel-tubes-chennai/,core,ASTM A213 Stainless Steel Tubes in Chennai | Bharat Metals Technical Guide,ASTM A213 Stainless Steel Tubes in Chennai,962,800,no,7,no,yes,yes,real image,
/astm-a240-stainless-steel-sheets-chennai/,core,ASTM A240 Stainless Steel Sheets in Chennai | Bharat Metals Technical Guide,ASTM A240 Stainless Steel Sheets in Chennai,959,800,no,7,no,yes,yes,real image,
/astm-a269-stainless-steel-tubes-chennai/,core,ASTM A269 Stainless Steel Tubes in Chennai | Bharat Metals Technical Guide,ASTM A269 Stainless Steel Tubes in Chennai,958,800,no,7,no,yes,yes,real image,
/astm-a312-stainless-steel-pipes-chennai/,core,ASTM A312 Stainless Steel Pipes in Chennai | Bharat Metals Technical Guide,ASTM A312 Stainless Steel Pipes in Chennai,959,800,no,7,no,yes,yes,real image,
/ba-finish-stainless-steel-sheets-chennai/,core,BA Finish Stainless Steel Sheets in Chennai | Bharat Metals,BA Finish Stainless Steel Sheets in Chennai,931,800,no,6,yes,yes,yes,real image,
/blog/astm-a240-astm-a312-stainless-steel-buyers/,blog,ASTM A240 and ASTM A312: What Stainless Steel Buyers Should Know | Bharat Metals Blog,ASTM A240 and ASTM A312: What Stainless Steel Buyers Should Know,1110,900,no,4,no,yes,yes,real image,
/blog/how-to-send-stainless-steel-rfq/,blog,What Details to Send for a Fast Stainless Steel Quote | Bharat Metals Blog,What Details to Send for a Fast Stainless Steel Quote,1122,900,no,4,no,yes,yes,real image,
/blog/,core,Bharat Metals Blog | Stainless Steel Buyer Guides,Bharat Metals Blog,1383,600,no,7,yes,yes,yes,real image,
/blog/jindal-ss-304-sheet-chennai-buyer-guide/,blog,Jindal SS 304 Sheet in Chennai: What Buyers Should Check Before Ordering | Bharat Metals Blog,Jindal SS 304 Sheet in Chennai: What Buyers Should Check Before Ordering,1117,900,no,4,no,yes,yes,real image,
/blog/polished-stainless-steel-pipes-chennai/,blog,Polished Stainless Steel Pipes in Chennai: Buyer Checklist | Bharat Metals Blog,Polished Stainless Steel Pipes in Chennai: Buyer Checklist,1104,900,no,4,no,yes,yes,real image,
/blog/polished-stainless-steel-pipes-for-railings-chennai/,blog,Polished Stainless Steel Pipes for Railings in Chennai | Bharat Metals Blog,Polished Stainless Steel Pipes for Railings in Chennai,1103,900,no,4,no,yes,yes,real image,
/blog/ss-202-vs-ss-304-railing-work/,blog,SS 202 vs SS 304 for Railing and Fabrication Work | Bharat Metals Blog,SS 202 vs SS 304 for Railing and Fabrication Work,1113,900,no,4,no,yes,yes,real image,
/blog/ss-304-round-bar-and-rod-buying-guide/,blog,SS 304 Round Bar and Rod Buying Guide | Bharat Metals Blog,SS 304 Round Bar and Rod Buying Guide,1101,900,no,4,no,yes,yes,real image,
/blog/ss-304-sheet-price-chennai/,blog,SS 304 Sheet Price in Chennai: What Affects the Rate? | Bharat Metals Blog,SS 304 Sheet Price in Chennai: What Affects the Rate?,1107,900,no,4,no,yes,yes,real image,
/blog/ss-304-vs-ss-316/,blog,SS 304 vs SS 316: Which Grade Should Chennai Buyers Choose? | Bharat Metals Blog,SS 304 vs SS 316: Which Grade Should Chennai Buyers Choose?,1123,900,no,4,no,yes,yes,real image,
/blog/ss-316-sheet-price-chennai/,blog,SS 316 Sheet Price in Chennai: When Is 316 Worth It? | Bharat Metals Blog,SS 316 Sheet Price in Chennai: When Is 316 Worth It?,1116,900,no,4,no,yes,yes,real image,
/blog/stainless-steel-for-automobile-industries-tamil-nadu/,blog,Stainless Steel for Automobile and Auto Component Industries in Tamil Nadu | Bharat Metals Blog,Stainless Steel for Automobile and Auto Component Industries in Tamil Nadu,1109,900,no,4,no,yes,yes,real image,
/blog/stainless-steel-for-coastal-and-marine-use/,blog,Stainless Steel for Coastal and Marine Use: 304 vs 316 Buying Notes | Bharat Metals Blog,Stainless Steel for Coastal and Marine Use: 304 vs 316 Buying Notes,1118,900,no,4,no,yes,yes,real image,
/blog/stainless-steel-for-commercial-kitchens/,blog,Stainless Steel for Commercial Kitchen Fabrication | Bharat Metals Blog,Stainless Steel for Commercial Kitchen Fabrication,1090,900,no,4,no,yes,yes,real image,
/blog/stainless-steel-for-food-and-pharma/,blog,Stainless Steel for Food Processing and Pharma Equipment | Bharat Metals Blog,Stainless Steel for Food Processing and Pharma Equipment,1105,900,no,4,no,yes,yes,real image,
/blog/stainless-steel-material-test-certificate/,blog,MTC and Mill Certificate for Stainless Steel Buyers | Bharat Metals Blog,MTC and Mill Certificate for Stainless Steel Buyers,1104,900,no,4,no,yes,yes,real image,
/blog/stainless-steel-perforated-sheets-wire-mesh/,blog,Stainless Steel Perforated Sheets and Wire Mesh: Uses and Buying Tips | Bharat Metals Blog,Stainless Steel Perforated Sheets and Wire Mesh: Uses and Buying Tips,1117,900,no,4,no,yes,yes,real image,
/blog/stainless-steel-pipes-welded-vs-seamless/,blog,Stainless Steel Welded Pipe vs Seamless Pipe | Bharat Metals Blog,Stainless Steel Welded Pipe vs Seamless Pipe,1110,900,no,4,no,yes,yes,real image,
/blog/stainless-steel-plates-buyer-guide/,blog,Stainless Steel Plates: Buyer Guide for Tamil Nadu Industries | Bharat Metals Blog,Stainless Steel Plates: Buyer Guide for Tamil Nadu Industries,1108,900,no,4,no,yes,yes,real image,
/blog/stainless-steel-sheet-finishes/,blog,"Stainless Steel Sheet Finishes: 2B, BA, Mirror, Matt, Hairline and PVC | Bharat Metals Blog","Stainless Steel Sheet Finishes: 2B, BA, Mirror, Matt, Hairline and PVC",1146,900,no,4,no,yes,yes,real image,
/blog/stainless-steel-suppliers-ambattur-buyer-checklist/,blog,Stainless Steel Suppliers in Ambattur: Buyer Checklist | Bharat Metals Blog,Stainless Steel Suppliers in Ambattur: Buyer Checklist,1098,900,no,4,no,yes,yes,real image,
/blog/stainless-steel-supply-tamil-nadu-cities/,blog,"Stainless Steel Supply Across Tamil Nadu: Chennai to Coimbatore, Hosur and Trichy | Bharat Metals Blog","Stainless Steel Supply Across Tamil Nadu: Chennai to Coimbatore, Hosur and Trichy",1118,900,no,4,no,yes,yes,real image,
/blog/stainless-steel-supply-to-sricity-and-tada/,blog,Stainless Steel Supply to Sricity and Tada | Bharat Metals Blog,Stainless Steel Supply to Sricity and Tada,1096,900,no,4,no,yes,yes,real image,
/blog/stainless-steel-supply-to-sricity-tada-tirupati/,blog,"Stainless Steel Supply to Sricity, Tada and Tirupati: Buyer Guide | Bharat Metals Blog","Stainless Steel Supply to Sricity, Tada and Tirupati: Buyer Guide",1109,900,no,4,no,yes,yes,real image,
/brass-bars/,secondary material,Brass Bars in Chennai | Bharat Metals,Brass Bars Suppliers in Chennai,637,450,no,5,no,yes,yes,real image,
/brass-bush-pipes/,secondary material,Brass Bush Pipes in Chennai | Bharat Metals,Brass Bush Pipes Suppliers in Chennai,650,450,no,5,no,yes,yes,real image,
/brass-flats/,secondary material,Brass Flats in Chennai | Bharat Metals,Brass Flats Suppliers in Chennai,637,450,no,5,no,yes,yes,real image,
/brass-pipes/,secondary material,Brass Pipes in Chennai | Bharat Metals,Brass Pipes Suppliers in Chennai,637,450,no,5,no,yes,yes,real image,
/brass-rods/,secondary material,Brass Rods in Chennai | Bharat Metals,Brass Rods Suppliers in Chennai,637,450,no,5,no,yes,yes,real image,
/brass/,secondary material,Brass Suppliers in Chennai | Bharat Metals,Brass Suppliers in Chennai,1111,450,no,6,yes,yes,yes,real image,
/contact-us/,core,Contact Bharat Metals | Stainless Steel Dealers Chennai,Contact Bharat Metals,1119,400,no,8,yes,no,yes,real image,
/contacts-us/,core,Legacy Contact Bharat Metals | Bharat Metals,Legacy Contact Bharat Metals,642,400,no,8,no,no,yes,real image,
/copper-bars/,secondary material,Copper Bars in Chennai | Bharat Metals,Copper Bars Suppliers in Chennai,637,450,no,5,no,yes,yes,real image,
/copper-flats/,secondary material,Copper Flats in Chennai | Bharat Metals,Copper Flats Suppliers in Chennai,637,450,no,5,no,yes,yes,real image,
/copper-plates/,secondary material,Copper Plates in Chennai | Bharat Metals,Copper Plates Suppliers in Chennai,637,450,no,5,no,yes,yes,real image,
/copper-rods/,secondary material,Copper Rods in Chennai | Bharat Metals,Copper Rods Suppliers in Chennai,637,450,no,5,no,yes,yes,real image,
/copper-tubes/,secondary material,Copper Tubes in Chennai | Bharat Metals,Copper Tubes Suppliers in Chennai,637,450,no,5,no,yes,yes,real image,
/copper/,secondary material,Copper Suppliers in Chennai | Bharat Metals,Copper Suppliers in Chennai,1108,450,no,6,yes,yes,yes,real image,
/decorative-stainless-steel-sheets-chennai/,core,Decorative Stainless Steel Sheets in Chennai | Bharat Metals,Decorative Stainless Steel Sheets in Chennai,929,800,no,6,yes,yes,yes,real image,
/duplex-2205/,core,Duplex 2205 Stainless Steel Enquiry Page | Bharat Metals Chennai,Duplex 2205 Stainless Steel Enquiry Page,881,800,no,6,no,yes,yes,real image,
/en-1-4301-stainless-steel-chennai/,core,EN 1.4301 / AISI 304 Stainless Steel Suppliers in Chennai | Bharat Metals Technical Guide,EN 1.4301 / AISI 304 Stainless Steel Suppliers in Chennai,974,800,no,7,no,yes,yes,real image,
/en-1-4401-stainless-steel-chennai/,core,EN 1.4401 / AISI 316 Stainless Steel Suppliers in Chennai | Bharat Metals Technical Guide,EN 1.4401 / AISI 316 Stainless Steel Suppliers in Chennai,972,800,no,7,no,yes,yes,real image,
/en-1-4404-stainless-steel-chennai/,core,EN 1.4404 / AISI 316L Stainless Steel Suppliers in Chennai | Bharat Metals Technical Guide,EN 1.4404 / AISI 316L Stainless Steel Suppliers in Chennai,972,800,no,7,no,yes,yes,real image,
/hairline-finish-stainless-steel-sheets-chennai/,core,Hairline Finish Stainless Steel Sheets in Chennai | Bharat Metals,Hairline Finish Stainless Steel Sheets in Chennai,931,800,no,6,yes,yes,yes,real image,
/hairline-stainless-steel-sheets-tamil-nadu/,core,Hairline Stainless Steel Sheets in Tamil Nadu | Bharat Metals,Hairline Stainless Steel Sheets in Tamil Nadu,931,800,no,6,yes,yes,yes,real image,
/,core,Stainless Steel Dealers in Chennai | Bharat Metals Since 1986,STAINLESS STEEL SUPPLIERS IN CHENNAI SINCE 1986,1864,800,no,10,yes,no,yes,real image,
/industries-we-serve/,core,Industries We Serve | Bharat Metals Stainless Steel Chennai,Industries We Serve,2162,800,no,9,yes,no,yes,real image,
/industries/automobile-auto-components/,industry,Automobile and Auto Components Stainless Steel Suppliers | Bharat Metals,Stainless Steel for Automobile and Auto Components,1095,600,no,6,yes,yes,yes,real image,
/industries/boiler-heat-exchanger-fabricators/,industry,Boiler and Heat Exchanger Fabricators Stainless Steel Suppliers | Bharat Metals,Stainless Steel for Boiler and Heat Exchanger Fabricators,1165,600,no,6,yes,yes,yes,real image,
/industries/builders-construction/,industry,Builders and Construction Stainless Steel Suppliers | Bharat Metals,Stainless Steel for Builders and Construction,1117,600,no,6,yes,yes,yes,real image,
/industries/chemical-petrochemical/,industry,Chemical and Petrochemical Stainless Steel Suppliers | Bharat Metals,Stainless Steel for Chemical and Petrochemical,1116,600,no,6,yes,yes,yes,real image,
/industries/commercial-kitchen-equipment/,industry,Hotel and Commercial Kitchen Equipment Stainless Steel Suppliers | Bharat Metals,Stainless Steel for Hotel and Commercial Kitchen Equipment,1160,600,no,6,yes,yes,yes,real image,
/industries/dairy-beverage-processing/,industry,Dairy and Beverage Processing Stainless Steel Suppliers | Bharat Metals,Stainless Steel for Dairy and Beverage Processing,1140,600,no,6,yes,yes,yes,real image,
/industries/electrical-control-panel-fabrication/,industry,Electrical and Control Panel Fabrication Stainless Steel Suppliers | Bharat Metals,Stainless Steel for Electrical and Control Panel Fabrication,1163,600,no,6,yes,yes,yes,real image,
/industries/engineering-machine-shops/,industry,Engineering and Machine Shops Stainless Steel Suppliers | Bharat Metals,Stainless Steel for Engineering and Machine Shops,1142,600,no,6,yes,yes,yes,real image,
/industries/fabrication-welding/,industry,Fabrication and Welding Stainless Steel Suppliers | Bharat Metals,Stainless Steel for Fabrication and Welding,1116,600,no,6,yes,yes,yes,real image,
/industries/food-processing/,industry,Food Processing Stainless Steel Suppliers | Bharat Metals,Stainless Steel for Food Processing,1103,600,no,6,yes,yes,yes,real image,
/industries/hotel-commercial-kitchen-equipment/,industry,Hotel Kitchen Equipment Stainless Steel Supply Link | Bharat Metals Chennai,Hotel and Commercial Kitchen Equipment Stainless Steel Suppliers,588,600,yes,0,no,yes,yes,real image,word count below 600; missing popular enquiry searches
/industries/institutional-fabrication/,industry,Educational and Institutional Fabrication Stainless Steel Suppliers | Bharat Metals,Stainless Steel for Educational and Institutional Fabrication,1136,600,no,6,yes,yes,yes,real image,
/industries/interior-architectural-contractors/,industry,Interior and Architectural Contractors Stainless Steel Suppliers | Bharat Metals,Stainless Steel for Interior and Architectural Contractors,1144,600,no,6,yes,yes,yes,real image,
/industries/marine-ship-repair/,industry,Marine and Ship Repair Stainless Steel Suppliers | Bharat Metals,Stainless Steel for Marine and Ship Repair,1137,600,no,6,yes,yes,yes,real image,
/industries/oil-gas/,industry,Oil and Gas Stainless Steel Suppliers | Bharat Metals,Stainless Steel for Oil and Gas,1116,600,no,6,yes,yes,yes,real image,
/industries/paper-mills/,industry,Paper Mills Stainless Steel Suppliers | Bharat Metals,Stainless Steel for Paper Mills,1093,600,no,6,yes,yes,yes,real image,
/industries/pharma-healthcare-equipment/,industry,Pharma and Healthcare Equipment Stainless Steel Suppliers | Bharat Metals,Stainless Steel for Pharma and Healthcare Equipment,1140,600,no,6,yes,yes,yes,real image,
/industries/ports-shipping-coastal-infrastructure/,industry,"Ports, Shipping and Coastal Infrastructure Stainless Steel Suppliers | Bharat Metals","Stainless Steel for Ports, Shipping and Coastal Infrastructure",1162,600,no,6,yes,yes,yes,real image,
/industries/public-works-infrastructure/,industry,Public Works and Infrastructure Contractors Stainless Steel Suppliers | Bharat Metals,Stainless Steel for Public Works and Infrastructure Contractors,1163,600,no,6,yes,yes,yes,real image,
/industries/pump-valve-equipment-manufacturers/,industry,"Pump, Valve and Equipment Manufacturers Stainless Steel Suppliers | Bharat Metals","Stainless Steel for Pump, Valve and Equipment Manufacturers",1168,600,no,6,yes,yes,yes,real image,
/industries/railing-contractors/,industry,Railing Contractors Stainless Steel Suppliers | Bharat Metals,Stainless Steel for Railing Contractors,1102,600,no,6,yes,yes,yes,real image,
/industries/railways-metro-projects/,industry,Railways and Metro Projects Stainless Steel Suppliers | Bharat Metals,Stainless Steel for Railways and Metro Projects,1136,600,no,6,yes,yes,yes,real image,
/industries/sugar-mills-agro-processing/,industry,Sugar Mills and Agro Processing Stainless Steel Suppliers | Bharat Metals,Stainless Steel for Sugar Mills and Agro Processing,1166,600,no,6,yes,yes,yes,real image,
/industries/textile-dyeing-processing/,industry,Textile Dyeing and Processing Units Stainless Steel Suppliers | Bharat Metals,Stainless Steel for Textile Dyeing and Processing Units,1165,600,no,6,yes,yes,yes,real image,
/industries/textile-machinery/,industry,Textile Machinery Stainless Steel Suppliers | Bharat Metals,Stainless Steel for Textile Machinery,1095,600,no,6,yes,yes,yes,real image,
/industries/water-treatment-utilities/,industry,Water Treatment and Utilities Stainless Steel Suppliers | Bharat Metals,Stainless Steel for Water Treatment and Utilities,1142,600,no,6,yes,yes,yes,real image,
/jindal-polished-pipes-chennai/,core,Jindal Make Polished Stainless Steel Pipes in Chennai | Bharat Metals,Jindal Make Polished Stainless Steel Pipes in Chennai,1224,800,no,7,yes,yes,yes,real image,
/jindal-polished-pipes-tamil-nadu/,core,Jindal Make Polished Stainless Steel Pipes in Tamil Nadu | Bharat Metals,Jindal Make Polished Stainless Steel Pipes in Tamil Nadu,1233,800,no,7,yes,yes,yes,real image,
/jindal-ss-304-pipes-chennai/,core,Jindal Make SS 304 Pipes in Chennai | Bharat Metals,Jindal Make SS 304 Pipes in Chennai,1215,800,no,7,yes,yes,yes,real image,
/jindal-ss-304-sheet-ambattur/,core,Jindal Make SS 304 Sheets in Ambattur | Bharat Metals,Jindal Make SS 304 Sheets in Ambattur,1221,800,no,7,yes,yes,yes,real image,
/jindal-ss-304-sheet-chennai/,core,Jindal Make SS 304 Sheets in Chennai | Bharat Metals,Jindal Make SS 304 Sheets in Chennai,1221,800,no,7,yes,yes,yes,real image,
/jindal-ss-304-sheet-guindy/,core,Jindal Make SS 304 Sheets in Guindy | Bharat Metals,Jindal Make SS 304 Sheets in Guindy,1221,800,no,7,yes,yes,yes,real image,
/jindal-ss-304-sheet-parrys-chennai/,core,Jindal Make SS 304 Sheets in Parrys Chennai | Bharat Metals,Jindal Make SS 304 Sheets in Parrys Chennai,1230,800,no,7,yes,yes,yes,real image,
/jindal-ss-304-sheet-price-chennai/,core,Jindal SS 304 Sheet Price Enquiry in Chennai | Bharat Metals,Jindal SS 304 Sheet Price Enquiry in Chennai,1232,800,no,7,yes,yes,yes,real image,
/jindal-ss-316-pipes-chennai/,core,Jindal Make SS 316 Pipes in Chennai | Bharat Metals,Jindal Make SS 316 Pipes in Chennai,1215,800,no,7,yes,yes,yes,real image,
/jindal-ss-316-sheet-chennai/,core,Jindal Make SS 316 Sheets in Chennai | Bharat Metals,Jindal Make SS 316 Sheets in Chennai,1221,800,no,7,yes,yes,yes,real image,
/jindal-ss-coils-chennai/,core,Jindal SS Coils in Chennai | Bharat Metals,Jindal SS Coils in Chennai,980,800,no,6,yes,yes,yes,real image,
/jindal-ss-sheet-price-chennai/,core,Jindal SS Sheet Price Enquiry in Chennai | Bharat Metals,Jindal SS Sheet Price Enquiry in Chennai,1223,800,no,7,yes,yes,yes,real image,
/jindal-stainless-steel-coils-chennai/,core,Jindal Make Stainless Steel Coils in Chennai | Bharat Metals,Jindal Make Stainless Steel Coils in Chennai,1215,800,no,7,yes,yes,yes,real image,
/jindal-stainless-steel-pipes-ambattur/,core,Jindal Make Stainless Steel Pipes in Ambattur | Bharat Metals,Jindal Make Stainless Steel Pipes in Ambattur,1209,800,no,7,yes,yes,yes,real image,
/jindal-stainless-steel-pipes-chennai/,core,Jindal Make Stainless Steel Pipes in Chennai | Bharat Metals,Jindal Make Stainless Steel Pipes in Chennai,1209,800,no,7,yes,yes,yes,real image,
/jindal-stainless-steel-plates-chennai/,core,Jindal Make Stainless Steel Plates in Chennai | Bharat Metals,Jindal Make Stainless Steel Plates in Chennai,1215,800,no,7,yes,yes,yes,real image,
/jindal-stainless-steel-sheet-pipe-enquiry-guide/,core,Jindal Stainless Steel Sheet and Pipe Enquiry Guide | Bharat Metals,Jindal Stainless Steel Sheet and Pipe Enquiry Guide,1230,800,no,7,yes,yes,yes,real image,
/jindal-stainless-steel-sheets-chennai/,core,Jindal Make Stainless Steel Sheets in Chennai | Bharat Metals,Jindal Make Stainless Steel Sheets in Chennai,1221,800,no,7,yes,yes,yes,real image,
/jindal-stainless-steel-supplier-tamil-nadu/,core,Jindal Make Stainless Steel Supplier in Tamil Nadu | Bharat Metals,Jindal Make Stainless Steel Supplier in Tamil Nadu,1236,800,no,7,yes,yes,yes,real image,
/locations-we-serve/,core,Locations We Serve | Stainless Steel Suppliers Tamil Nadu,Locations We Serve,1408,600,no,9,yes,no,yes,real image,
/mirror-finish-stainless-steel-sheets-chennai/,core,Mirror Finish Stainless Steel Sheets in Chennai | Bharat Metals,Mirror Finish Stainless Steel Sheets in Chennai,931,800,no,6,yes,yes,yes,real image,
/mirror-polished-ss-pipes-chennai/,core,Mirror Polished Stainless Steel Pipes in Chennai | Bharat Metals,Mirror Polished Stainless Steel Pipes in Chennai,934,800,no,6,yes,yes,yes,real image,
/mission-vision/,core,Mission and Vision | Bharat Metals Stainless Steel Suppliers Chennai,Mission and Vision,1419,400,no,8,yes,no,yes,real image,
/polished-ss-pipe-price-chennai/,core,Polished Stainless Steel Pipe Price in Chennai | Bharat Metals,Polished Stainless Steel Pipe Price in Chennai,1076,800,no,7,yes,yes,yes,real image,
/polished-ss-pipes-ambattur/,core,Polished SS Pipes in Ambattur | Bharat Metals,Polished SS Pipes in Ambattur,969,800,no,6,yes,yes,yes,real image,
/polished-ss-pipes-chennai/,core,Polished SS Pipes in Chennai | Bharat Metals,Polished SS Pipes in Chennai,969,800,no,6,yes,yes,yes,real image,
/polished-stainless-steel-pipes-chennai/,core,Polished Stainless Steel Pipes in Chennai | Bharat Metals,Polished Stainless Steel Pipes in Chennai,920,800,no,6,yes,yes,yes,real image,
/products/,core,Product Portfolio | Bharat Metals Chennai Stainless Steel Suppliers,Product Portfolio,1993,800,no,9,yes,no,yes,real image,
/pvc-coated-ss-sheets-chennai/,core,PVC Coated Stainless Steel Sheets in Chennai | Bharat Metals,PVC Coated Stainless Steel Sheets in Chennai,937,800,no,6,yes,yes,yes,real image,
/request-quote/,core,Request a Stainless Steel Quote | Bharat Metals Chennai,Request a Stainless Steel Quote,1358,400,no,10,yes,yes,yes,real image,
/site-map/,core,Sitemap | Bharat Metals,Sitemap,4229,800,no,4,no,no,yes,real image,
/ss-201/,grade,SS 201 Stainless Steel Enquiry Page | Bharat Metals Chennai,SS 201 Stainless Steel Enquiry Page,878,700,no,6,no,yes,yes,real image,missing popular enquiry searches
/ss-202-angles/,grade+form,SS 202 Angles Suppliers in Chennai | Bharat Metals,SS 202 Angles Suppliers in Chennai,953,450,no,5,yes,yes,yes,real image,
/ss-202-bars/,grade+form,SS 202 Bars Suppliers in Chennai | Bharat Metals,SS 202 Bars Suppliers in Chennai,1009,450,no,5,yes,yes,yes,real image,
/ss-202-channels/,grade+form,SS 202 Channels Suppliers in Chennai | Bharat Metals,SS 202 Channels Suppliers in Chennai,955,450,no,5,yes,yes,yes,real image,
/ss-202-circles/,grade+form,SS 202 Circles Suppliers in Chennai | Bharat Metals,SS 202 Circles Suppliers in Chennai,972,450,no,5,yes,yes,yes,real image,
/ss-202-coils/,grade+form,SS 202 Coils Suppliers in Chennai | Bharat Metals,SS 202 Coils Suppliers in Chennai,981,450,no,5,yes,yes,yes,real image,
/ss-202-fasteners/,grade+form,SS 202 Fasteners Suppliers in Chennai | Bharat Metals,SS 202 Fasteners Suppliers in Chennai,973,450,no,5,yes,yes,yes,real image,
/ss-202-fittings/,grade+form,SS 202 Fittings Suppliers in Chennai | Bharat Metals,SS 202 Fittings Suppliers in Chennai,980,450,no,5,yes,yes,yes,real image,
/ss-202-flanges/,grade+form,SS 202 Flanges Suppliers in Chennai | Bharat Metals,SS 202 Flanges Suppliers in Chennai,982,450,no,5,yes,yes,yes,real image,
/ss-202-flats/,grade+form,SS 202 Flats Suppliers in Chennai | Bharat Metals,SS 202 Flats Suppliers in Chennai,957,450,no,5,yes,yes,yes,real image,
/ss-202-perforated-sheets/,grade+form,SS 202 Perforated Sheets Suppliers in Chennai | Bharat Metals,SS 202 Perforated Sheets Suppliers in Chennai,1004,450,no,5,yes,yes,yes,real image,
/ss-202-pipes/,grade+form,SS 202 Pipes Suppliers in Chennai | Bharat Metals,SS 202 Pipes Suppliers in Chennai,992,450,no,5,yes,yes,yes,real image,
/ss-202-plates/,grade+form,SS 202 Plates Suppliers in Chennai | Bharat Metals,SS 202 Plates Suppliers in Chennai,985,450,no,5,yes,yes,yes,real image,
/ss-202-rods/,grade+form,SS 202 Rods Suppliers in Chennai | Bharat Metals,SS 202 Rods Suppliers in Chennai,997,450,no,5,yes,yes,yes,real image,
/ss-202-sheet-price-chennai/,core,SS 202 Sheet Price in Chennai | Bharat Metals,SS 202 Sheet Price in Chennai,1055,800,no,7,yes,yes,yes,real image,
/ss-202-sheets/,grade+form,SS 202 Sheets Suppliers in Chennai | Bharat Metals,SS 202 Sheets Suppliers in Chennai,987,450,no,5,yes,yes,yes,real image,
/ss-202-suppliers-ambattur/,grade+city,SS 202 Ambattur Suppliers | Bharat Metals,SS 202 Suppliers in Ambattur,820,450,no,5,yes,yes,yes,real image,
/ss-202-suppliers-chennai/,grade+city,SS 202 Chennai Suppliers | Bharat Metals,SS 202 Suppliers in Chennai,827,450,no,5,yes,yes,yes,real image,
/ss-202-suppliers-coimbatore/,grade+city,SS 202 Coimbatore Suppliers | Bharat Metals,SS 202 Suppliers in Coimbatore,824,450,no,5,yes,yes,yes,real image,
/ss-202-suppliers-hosur/,grade+city,SS 202 Hosur Suppliers | Bharat Metals,SS 202 Suppliers in Hosur,819,450,no,5,yes,yes,yes,real image,
/ss-202-suppliers-madurai/,grade+city,SS 202 Madurai Suppliers | Bharat Metals,SS 202 Suppliers in Madurai,822,450,no,5,yes,yes,yes,real image,
/ss-202-suppliers-oragadam/,grade+city,SS 202 Oragadam Suppliers | Bharat Metals,SS 202 Suppliers in Oragadam,821,450,no,5,yes,yes,yes,real image,
/ss-202-suppliers-pondicherry/,grade+city,SS 202 Pondicherry Suppliers | Bharat Metals,SS 202 Suppliers in Pondicherry,821,450,no,5,yes,yes,yes,real image,
/ss-202-suppliers-salem/,grade+city,SS 202 Salem Suppliers | Bharat Metals,SS 202 Suppliers in Salem,820,450,no,5,yes,yes,yes,real image,
/ss-202-suppliers-sriperumbudur/,grade+city,SS 202 Sriperumbudur Suppliers | Bharat Metals,SS 202 Suppliers in Sriperumbudur,819,450,no,5,yes,yes,yes,real image,
/ss-202-suppliers-trichy/,grade+city,SS 202 Trichy Suppliers | Bharat Metals,SS 202 Suppliers in Trichy,819,450,no,5,yes,yes,yes,real image,
/ss-202-tubes/,grade+form,SS 202 Tubes Suppliers in Chennai | Bharat Metals,SS 202 Tubes Suppliers in Chennai,977,450,no,5,yes,yes,yes,real image,
/ss-202-vs-ss-304/,core,SS 202 vs SS 304 Stainless Steel | Bharat Metals Technical Guide,SS 202 vs SS 304 Stainless Steel,976,800,no,7,no,yes,yes,real image,
/ss-202-wire-mesh/,grade+form,SS 202 Wire Mesh Suppliers in Chennai | Bharat Metals,SS 202 Wire Mesh Suppliers in Chennai,1006,450,no,5,yes,yes,yes,real image,
/ss-202/,grade,SS 202 Suppliers in Chennai | Bharat Metals,SS 202 Stainless Steel Suppliers in Chennai,1833,700,no,7,yes,yes,yes,real image,
/ss-303/,grade,SS 303 Stainless Steel Enquiry Page | Bharat Metals Chennai,SS 303 Stainless Steel Enquiry Page,879,700,no,6,no,yes,yes,real image,missing popular enquiry searches
/ss-304-angles-chennai/,core,SS 304 Angles in Chennai | Bharat Metals,SS 304 Angles in Chennai,960,800,no,6,yes,yes,yes,real image,
/ss-304-angles/,grade+form,SS 304 Angles Suppliers in Chennai | Bharat Metals,SS 304 Angles Suppliers in Chennai,951,450,no,5,yes,yes,yes,real image,
/ss-304-bars/,grade+form,SS 304 Bars Suppliers in Chennai | Bharat Metals,SS 304 Bars Suppliers in Chennai,1007,450,no,5,yes,yes,yes,real image,
/ss-304-channels/,grade+form,SS 304 Channels Suppliers in Chennai | Bharat Metals,SS 304 Channels Suppliers in Chennai,953,450,no,5,yes,yes,yes,real image,
/ss-304-circles/,grade+form,SS 304 Circles Suppliers in Chennai | Bharat Metals,SS 304 Circles Suppliers in Chennai,970,450,no,5,yes,yes,yes,real image,
/ss-304-coils-chennai/,core,SS 304 Coils in Chennai | Bharat Metals,SS 304 Coils in Chennai,960,800,no,6,yes,yes,yes,real image,
/ss-304-coils/,grade+form,SS 304 Coils Suppliers in Chennai | Bharat Metals,SS 304 Coils Suppliers in Chennai,979,450,no,5,yes,yes,yes,real image,
/ss-304-equivalent-grades/,core,SS 304 Equivalent Grades and Standards | Bharat Metals Technical Guide,SS 304 Equivalent Grades and Standards,954,800,no,7,no,yes,yes,real image,
/ss-304-fasteners/,grade+form,SS 304 Fasteners Suppliers in Chennai | Bharat Metals,SS 304 Fasteners Suppliers in Chennai,971,450,no,5,yes,yes,yes,real image,
/ss-304-fittings/,grade+form,SS 304 Fittings Suppliers in Chennai | Bharat Metals,SS 304 Fittings Suppliers in Chennai,978,450,no,5,yes,yes,yes,real image,
/ss-304-flanges/,grade+form,SS 304 Flanges Suppliers in Chennai | Bharat Metals,SS 304 Flanges Suppliers in Chennai,980,450,no,5,yes,yes,yes,real image,
/ss-304-flat-bars-chennai/,core,SS 304 Flat Bars in Chennai | Bharat Metals,SS 304 Flat Bars in Chennai,975,800,no,6,yes,yes,yes,real image,
/ss-304-flats/,grade+form,SS 304 Flats Suppliers in Chennai | Bharat Metals,SS 304 Flats Suppliers in Chennai,955,450,no,5,yes,yes,yes,real image,
/ss-304-perforated-sheets-chennai/,core,SS 304 Perforated Sheets in Chennai | Bharat Metals,SS 304 Perforated Sheets in Chennai,975,800,no,6,yes,yes,yes,real image,
/ss-304-perforated-sheets/,grade+form,SS 304 Perforated Sheets Suppliers in Chennai | Bharat Metals,SS 304 Perforated Sheets Suppliers in Chennai,1002,450,no,5,yes,yes,yes,real image,
/ss-304-pipe-price-chennai/,core,SS 304 Pipe Price in Chennai | Bharat Metals,SS 304 Pipe Price in Chennai,1058,800,no,7,yes,yes,yes,real image,
/ss-304-pipes-ambattur/,core,SS 304 Pipes in Ambattur | Bharat Metals,SS 304 Pipes in Ambattur,960,800,no,6,yes,yes,yes,real image,
/ss-304-pipes-oragadam/,core,SS 304 Pipes in Oragadam | Bharat Metals,SS 304 Pipes in Oragadam,960,800,no,6,yes,yes,yes,real image,
/ss-304-pipes-sricity/,core,SS 304 Pipes in Sricity | Bharat Metals,SS 304 Pipes in Sricity,960,800,no,6,yes,yes,yes,real image,
/ss-304-pipes/,grade+form,SS 304 Pipes Suppliers in Chennai | Bharat Metals,SS 304 Pipes Suppliers in Chennai,990,450,no,5,yes,yes,yes,real image,
/ss-304-plates/,grade+form,SS 304 Plates Suppliers in Chennai | Bharat Metals,SS 304 Plates Suppliers in Chennai,983,450,no,5,yes,yes,yes,real image,
/ss-304-rods/,grade+form,SS 304 Rods Suppliers in Chennai | Bharat Metals,SS 304 Rods Suppliers in Chennai,995,450,no,5,yes,yes,yes,real image,
/ss-304-round-bars-chennai/,core,SS 304 Round Bars in Chennai | Bharat Metals,SS 304 Round Bars in Chennai,975,800,no,6,yes,yes,yes,real image,
/ss-304-sheet-price-chennai/,core,SS 304 Sheet Price in Chennai | Bharat Metals,SS 304 Sheet Price in Chennai,1057,800,no,7,yes,yes,yes,real image,
/ss-304-sheets-ambattur/,core,SS 304 Sheets in Ambattur | Bharat Metals,SS 304 Sheets in Ambattur,960,800,no,6,yes,yes,yes,real image,
/ss-304-sheets-chennai/,core,SS 304 Sheets in Chennai | Bharat Metals,SS 304 Sheets in Chennai,960,800,no,6,yes,yes,yes,real image,
/ss-304-sheets-coimbatore/,core,SS 304 Sheets in Coimbatore | Bharat Metals,SS 304 Sheets in Coimbatore,960,800,no,6,yes,yes,yes,real image,
/ss-304-sheets-george-town-chennai/,core,SS 304 Sheets in George Town Chennai | Bharat Metals,SS 304 Sheets in George Town Chennai,994,800,no,6,yes,yes,yes,real image,
/ss-304-sheets-guindy/,core,SS 304 Sheets in Guindy | Bharat Metals,SS 304 Sheets in Guindy,960,800,no,6,yes,yes,yes,real image,
/ss-304-sheets-parrys-chennai/,core,SS 304 Sheets in Parrys Chennai | Bharat Metals,SS 304 Sheets in Parrys Chennai,977,800,no,6,yes,yes,yes,real image,
/ss-304-sheets-renigunta/,core,SS 304 Sheets in Renigunta | Bharat Metals,SS 304 Sheets in Renigunta,960,800,no,6,yes,yes,yes,real image,
/ss-304-sheets/,grade+form,SS 304 Sheets Suppliers in Chennai | Bharat Metals,SS 304 Sheets Suppliers in Chennai,985,450,no,5,yes,yes,yes,real image,
/ss-304-suppliers-ambattur/,grade+city,SS 304 Ambattur Suppliers | Bharat Metals,SS 304 Suppliers in Ambattur,816,450,no,5,yes,yes,yes,real image,
/ss-304-suppliers-chennai/,grade+city,SS 304 Chennai Suppliers | Bharat Metals,SS 304 Suppliers in Chennai,823,450,no,5,yes,yes,yes,real image,
/ss-304-suppliers-coimbatore/,grade+city,SS 304 Coimbatore Suppliers | Bharat Metals,SS 304 Suppliers in Coimbatore,820,450,no,5,yes,yes,yes,real image,
/ss-304-suppliers-hosur/,grade+city,SS 304 Hosur Suppliers | Bharat Metals,SS 304 Suppliers in Hosur,815,450,no,5,yes,yes,yes,real image,
/ss-304-suppliers-madurai/,grade+city,SS 304 Madurai Suppliers | Bharat Metals,SS 304 Suppliers in Madurai,818,450,no,5,yes,yes,yes,real image,
/ss-304-suppliers-oragadam/,grade+city,SS 304 Oragadam Suppliers | Bharat Metals,SS 304 Suppliers in Oragadam,817,450,no,5,yes,yes,yes,real image,
/ss-304-suppliers-pondicherry/,grade+city,SS 304 Pondicherry Suppliers | Bharat Metals,SS 304 Suppliers in Pondicherry,817,450,no,5,yes,yes,yes,real image,
/ss-304-suppliers-salem/,grade+city,SS 304 Salem Suppliers | Bharat Metals,SS 304 Suppliers in Salem,816,450,no,5,yes,yes,yes,real image,
/ss-304-suppliers-sriperumbudur/,grade+city,SS 304 Sriperumbudur Suppliers | Bharat Metals,SS 304 Suppliers in Sriperumbudur,815,450,no,5,yes,yes,yes,real image,
/ss-304-suppliers-trichy/,grade+city,SS 304 Trichy Suppliers | Bharat Metals,SS 304 Suppliers in Trichy,815,450,no,5,yes,yes,yes,real image,
/ss-304-tubes/,grade+form,SS 304 Tubes Suppliers in Chennai | Bharat Metals,SS 304 Tubes Suppliers in Chennai,975,450,no,5,yes,yes,yes,real image,
/ss-304-vs-ss-316/,core,SS 304 vs SS 316 Stainless Steel | Bharat Metals Technical Guide,SS 304 vs SS 316 Stainless Steel,977,800,no,7,no,yes,yes,real image,
/ss-304-wire-mesh/,grade+form,SS 304 Wire Mesh Suppliers in Chennai | Bharat Metals,SS 304 Wire Mesh Suppliers in Chennai,1004,450,no,5,yes,yes,yes,real image,
/ss-304/,grade,SS 304 Suppliers in Chennai | Bharat Metals,SS 304 Stainless Steel Suppliers in Chennai,2035,700,no,7,yes,yes,yes,real image,
/ss-304l-angles/,grade+form,SS 304L Angles Suppliers in Chennai | Bharat Metals,SS 304L Angles Suppliers in Chennai,945,450,no,5,yes,yes,yes,real image,
/ss-304l-bars/,grade+form,SS 304L Bars Suppliers in Chennai | Bharat Metals,SS 304L Bars Suppliers in Chennai,1001,450,no,5,yes,yes,yes,real image,
/ss-304l-channels/,grade+form,SS 304L Channels Suppliers in Chennai | Bharat Metals,SS 304L Channels Suppliers in Chennai,947,450,no,5,yes,yes,yes,real image,
/ss-304l-circles/,grade+form,SS 304L Circles Suppliers in Chennai | Bharat Metals,SS 304L Circles Suppliers in Chennai,964,450,no,5,yes,yes,yes,real image,
/ss-304l-coils/,grade+form,SS 304L Coils Suppliers in Chennai | Bharat Metals,SS 304L Coils Suppliers in Chennai,973,450,no,5,yes,yes,yes,real image,
/ss-304l-fasteners/,grade+form,SS 304L Fasteners Suppliers in Chennai | Bharat Metals,SS 304L Fasteners Suppliers in Chennai,965,450,no,5,yes,yes,yes,real image,
/ss-304l-fittings/,grade+form,SS 304L Fittings Suppliers in Chennai | Bharat Metals,SS 304L Fittings Suppliers in Chennai,972,450,no,5,yes,yes,yes,real image,
/ss-304l-flanges/,grade+form,SS 304L Flanges Suppliers in Chennai | Bharat Metals,SS 304L Flanges Suppliers in Chennai,974,450,no,5,yes,yes,yes,real image,
/ss-304l-flats/,grade+form,SS 304L Flats Suppliers in Chennai | Bharat Metals,SS 304L Flats Suppliers in Chennai,949,450,no,5,yes,yes,yes,real image,
/ss-304l-perforated-sheets/,grade+form,SS 304L Perforated Sheets Suppliers in Chennai | Bharat Metals,SS 304L Perforated Sheets Suppliers in Chennai,996,450,no,5,yes,yes,yes,real image,
/ss-304l-pipes/,grade+form,SS 304L Pipes Suppliers in Chennai | Bharat Metals,SS 304L Pipes Suppliers in Chennai,984,450,no,5,yes,yes,yes,real image,
/ss-304l-plates/,grade+form,SS 304L Plates Suppliers in Chennai | Bharat Metals,SS 304L Plates Suppliers in Chennai,977,450,no,5,yes,yes,yes,real image,
/ss-304l-rods/,grade+form,SS 304L Rods Suppliers in Chennai | Bharat Metals,SS 304L Rods Suppliers in Chennai,989,450,no,5,yes,yes,yes,real image,
/ss-304l-sheets/,grade+form,SS 304L Sheets Suppliers in Chennai | Bharat Metals,SS 304L Sheets Suppliers in Chennai,979,450,no,5,yes,yes,yes,real image,
/ss-304l-tubes/,grade+form,SS 304L Tubes Suppliers in Chennai | Bharat Metals,SS 304L Tubes Suppliers in Chennai,969,450,no,5,yes,yes,yes,real image,
/ss-304l-wire-mesh/,grade+form,SS 304L Wire Mesh Suppliers in Chennai | Bharat Metals,SS 304L Wire Mesh Suppliers in Chennai,998,450,no,5,yes,yes,yes,real image,
/ss-304l/,grade,SS 304L Suppliers in Chennai | Bharat Metals,SS 304L Stainless Steel Suppliers in Chennai,1796,700,no,7,yes,yes,yes,real image,
/ss-309/,grade,SS 309 Stainless Steel Enquiry Page | Bharat Metals Chennai,SS 309 Stainless Steel Enquiry Page,877,700,no,6,no,yes,yes,real image,missing popular enquiry searches
/ss-309s/,grade,SS 309S Stainless Steel Enquiry Page | Bharat Metals Chennai,SS 309S Stainless Steel Enquiry Page,876,700,no,6,no,yes,yes,real image,missing popular enquiry searches
/ss-310-angles/,grade+form,SS 310 Angles Suppliers in Chennai | Bharat Metals,SS 310 Angles Suppliers in Chennai,942,450,no,5,yes,yes,yes,real image,
/ss-310-bars/,grade+form,SS 310 Bars Suppliers in Chennai | Bharat Metals,SS 310 Bars Suppliers in Chennai,998,450,no,5,yes,yes,yes,real image,
/ss-310-channels/,grade+form,SS 310 Channels Suppliers in Chennai | Bharat Metals,SS 310 Channels Suppliers in Chennai,944,450,no,5,yes,yes,yes,real image,
/ss-310-circles/,grade+form,SS 310 Circles Suppliers in Chennai | Bharat Metals,SS 310 Circles Suppliers in Chennai,961,450,no,5,yes,yes,yes,real image,
/ss-310-coils/,grade+form,SS 310 Coils Suppliers in Chennai | Bharat Metals,SS 310 Coils Suppliers in Chennai,970,450,no,5,yes,yes,yes,real image,
/ss-310-fasteners/,grade+form,SS 310 Fasteners Suppliers in Chennai | Bharat Metals,SS 310 Fasteners Suppliers in Chennai,962,450,no,5,yes,yes,yes,real image,
/ss-310-fittings/,grade+form,SS 310 Fittings Suppliers in Chennai | Bharat Metals,SS 310 Fittings Suppliers in Chennai,969,450,no,5,yes,yes,yes,real image,
/ss-310-flanges/,grade+form,SS 310 Flanges Suppliers in Chennai | Bharat Metals,SS 310 Flanges Suppliers in Chennai,971,450,no,5,yes,yes,yes,real image,
/ss-310-flats/,grade+form,SS 310 Flats Suppliers in Chennai | Bharat Metals,SS 310 Flats Suppliers in Chennai,946,450,no,5,yes,yes,yes,real image,
/ss-310-perforated-sheets/,grade+form,SS 310 Perforated Sheets Suppliers in Chennai | Bharat Metals,SS 310 Perforated Sheets Suppliers in Chennai,993,450,no,5,yes,yes,yes,real image,
/ss-310-pipes/,grade+form,SS 310 Pipes Suppliers in Chennai | Bharat Metals,SS 310 Pipes Suppliers in Chennai,981,450,no,5,yes,yes,yes,real image,
/ss-310-plates/,grade+form,SS 310 Plates Suppliers in Chennai | Bharat Metals,SS 310 Plates Suppliers in Chennai,974,450,no,5,yes,yes,yes,real image,
/ss-310-rods/,grade+form,SS 310 Rods Suppliers in Chennai | Bharat Metals,SS 310 Rods Suppliers in Chennai,986,450,no,5,yes,yes,yes,real image,
/ss-310-sheets/,grade+form,SS 310 Sheets Suppliers in Chennai | Bharat Metals,SS 310 Sheets Suppliers in Chennai,976,450,no,5,yes,yes,yes,real image,
/ss-310-tubes/,grade+form,SS 310 Tubes Suppliers in Chennai | Bharat Metals,SS 310 Tubes Suppliers in Chennai,966,450,no,5,yes,yes,yes,real image,
/ss-310-wire-mesh/,grade+form,SS 310 Wire Mesh Suppliers in Chennai | Bharat Metals,SS 310 Wire Mesh Suppliers in Chennai,995,450,no,5,yes,yes,yes,real image,
/ss-310/,grade,SS 310 Suppliers in Chennai | Bharat Metals,SS 310 Stainless Steel Suppliers in Chennai,1778,700,no,7,yes,yes,yes,real image,
/ss-310s/,grade,SS 310S Stainless Steel Enquiry Page | Bharat Metals Chennai,SS 310S Stainless Steel Enquiry Page,876,700,no,6,no,yes,yes,real image,missing popular enquiry searches
/ss-316-angles/,grade+form,SS 316 Angles Suppliers in Chennai | Bharat Metals,SS 316 Angles Suppliers in Chennai,950,450,no,5,yes,yes,yes,real image,
/ss-316-bars/,grade+form,SS 316 Bars Suppliers in Chennai | Bharat Metals,SS 316 Bars Suppliers in Chennai,1006,450,no,5,yes,yes,yes,real image,
/ss-316-channels/,grade+form,SS 316 Channels Suppliers in Chennai | Bharat Metals,SS 316 Channels Suppliers in Chennai,952,450,no,5,yes,yes,yes,real image,
/ss-316-circles/,grade+form,SS 316 Circles Suppliers in Chennai | Bharat Metals,SS 316 Circles Suppliers in Chennai,969,450,no,5,yes,yes,yes,real image,
/ss-316-coils/,grade+form,SS 316 Coils Suppliers in Chennai | Bharat Metals,SS 316 Coils Suppliers in Chennai,978,450,no,5,yes,yes,yes,real image,
/ss-316-equivalent-grades/,core,SS 316 Equivalent Grades and Standards | Bharat Metals Technical Guide,SS 316 Equivalent Grades and Standards,952,800,no,7,no,yes,yes,real image,
/ss-316-fasteners/,grade+form,SS 316 Fasteners Suppliers in Chennai | Bharat Metals,SS 316 Fasteners Suppliers in Chennai,970,450,no,5,yes,yes,yes,real image,
/ss-316-fittings/,grade+form,SS 316 Fittings Suppliers in Chennai | Bharat Metals,SS 316 Fittings Suppliers in Chennai,977,450,no,5,yes,yes,yes,real image,
/ss-316-flanges/,grade+form,SS 316 Flanges Suppliers in Chennai | Bharat Metals,SS 316 Flanges Suppliers in Chennai,979,450,no,5,yes,yes,yes,real image,
/ss-316-flats/,grade+form,SS 316 Flats Suppliers in Chennai | Bharat Metals,SS 316 Flats Suppliers in Chennai,954,450,no,5,yes,yes,yes,real image,
/ss-316-perforated-sheets/,grade+form,SS 316 Perforated Sheets Suppliers in Chennai | Bharat Metals,SS 316 Perforated Sheets Suppliers in Chennai,1001,450,no,5,yes,yes,yes,real image,
/ss-316-pipes-pondicherry/,core,SS 316 Pipes in Pondicherry | Bharat Metals,SS 316 Pipes in Pondicherry,960,800,no,6,yes,yes,yes,real image,
/ss-316-pipes-sriperumbudur/,core,SS 316 Pipes in Sriperumbudur | Bharat Metals,SS 316 Pipes in Sriperumbudur,960,800,no,6,yes,yes,yes,real image,
/ss-316-pipes-tada/,core,SS 316 Pipes in Tada | Bharat Metals,SS 316 Pipes in Tada,960,800,no,6,yes,yes,yes,real image,
/ss-316-pipes-tirupati/,core,SS 316 Pipes in Tirupati | Bharat Metals,SS 316 Pipes in Tirupati,960,800,no,6,yes,yes,yes,real image,
/ss-316-pipes/,grade+form,SS 316 Pipes Suppliers in Chennai | Bharat Metals,SS 316 Pipes Suppliers in Chennai,989,450,no,5,yes,yes,yes,real image,
/ss-316-plates/,grade+form,SS 316 Plates Suppliers in Chennai | Bharat Metals,SS 316 Plates Suppliers in Chennai,982,450,no,5,yes,yes,yes,real image,
/ss-316-rods/,grade+form,SS 316 Rods Suppliers in Chennai | Bharat Metals,SS 316 Rods Suppliers in Chennai,994,450,no,5,yes,yes,yes,real image,
/ss-316-round-bars-chennai/,core,SS 316 Round Bars in Chennai | Bharat Metals,SS 316 Round Bars in Chennai,975,800,no,6,yes,yes,yes,real image,
/ss-316-sheet-price-chennai/,core,SS 316 Sheet Price in Chennai | Bharat Metals,SS 316 Sheet Price in Chennai,1056,800,no,7,yes,yes,yes,real image,
/ss-316-sheets-chennai/,core,SS 316 Sheets in Chennai | Bharat Metals,SS 316 Sheets in Chennai,960,800,no,6,yes,yes,yes,real image,
/ss-316-sheets-hosur/,core,SS 316 Sheets in Hosur | Bharat Metals,SS 316 Sheets in Hosur,960,800,no,6,yes,yes,yes,real image,
/ss-316-sheets/,grade+form,SS 316 Sheets Suppliers in Chennai | Bharat Metals,SS 316 Sheets Suppliers in Chennai,984,450,no,5,yes,yes,yes,real image,
/ss-316-suppliers-ambattur/,grade+city,SS 316 Ambattur Suppliers | Bharat Metals,SS 316 Suppliers in Ambattur,814,450,no,5,yes,yes,yes,real image,
/ss-316-suppliers-chennai/,grade+city,SS 316 Chennai Suppliers | Bharat Metals,SS 316 Suppliers in Chennai,821,450,no,5,yes,yes,yes,real image,
/ss-316-suppliers-coimbatore/,grade+city,SS 316 Coimbatore Suppliers | Bharat Metals,SS 316 Suppliers in Coimbatore,818,450,no,5,yes,yes,yes,real image,
/ss-316-suppliers-hosur/,grade+city,SS 316 Hosur Suppliers | Bharat Metals,SS 316 Suppliers in Hosur,813,450,no,5,yes,yes,yes,real image,
/ss-316-suppliers-madurai/,grade+city,SS 316 Madurai Suppliers | Bharat Metals,SS 316 Suppliers in Madurai,816,450,no,5,yes,yes,yes,real image,
/ss-316-suppliers-oragadam/,grade+city,SS 316 Oragadam Suppliers | Bharat Metals,SS 316 Suppliers in Oragadam,815,450,no,5,yes,yes,yes,real image,
/ss-316-suppliers-pondicherry/,grade+city,SS 316 Pondicherry Suppliers | Bharat Metals,SS 316 Suppliers in Pondicherry,815,450,no,5,yes,yes,yes,real image,
/ss-316-suppliers-salem/,grade+city,SS 316 Salem Suppliers | Bharat Metals,SS 316 Suppliers in Salem,814,450,no,5,yes,yes,yes,real image,
/ss-316-suppliers-sriperumbudur/,grade+city,SS 316 Sriperumbudur Suppliers | Bharat Metals,SS 316 Suppliers in Sriperumbudur,813,450,no,5,yes,yes,yes,real image,
/ss-316-suppliers-trichy/,grade+city,SS 316 Trichy Suppliers | Bharat Metals,SS 316 Suppliers in Trichy,813,450,no,5,yes,yes,yes,real image,
/ss-316-tubes/,grade+form,SS 316 Tubes Suppliers in Chennai | Bharat Metals,SS 316 Tubes Suppliers in Chennai,974,450,no,5,yes,yes,yes,real image,
/ss-316-wire-mesh/,grade+form,SS 316 Wire Mesh Suppliers in Chennai | Bharat Metals,SS 316 Wire Mesh Suppliers in Chennai,1003,450,no,5,yes,yes,yes,real image,
/ss-316/,grade,SS 316 Suppliers in Chennai | Bharat Metals,SS 316 Stainless Steel Suppliers in Chennai,1954,700,no,7,yes,yes,yes,real image,
/ss-316l-angles/,grade+form,SS 316L Angles Suppliers in Chennai | Bharat Metals,SS 316L Angles Suppliers in Chennai,946,450,no,5,yes,yes,yes,real image,
/ss-316l-bars/,grade+form,SS 316L Bars Suppliers in Chennai | Bharat Metals,SS 316L Bars Suppliers in Chennai,1002,450,no,5,yes,yes,yes,real image,
/ss-316l-channels/,grade+form,SS 316L Channels Suppliers in Chennai | Bharat Metals,SS 316L Channels Suppliers in Chennai,948,450,no,5,yes,yes,yes,real image,
/ss-316l-circles/,grade+form,SS 316L Circles Suppliers in Chennai | Bharat Metals,SS 316L Circles Suppliers in Chennai,965,450,no,5,yes,yes,yes,real image,
/ss-316l-coils/,grade+form,SS 316L Coils Suppliers in Chennai | Bharat Metals,SS 316L Coils Suppliers in Chennai,974,450,no,5,yes,yes,yes,real image,
/ss-316l-fasteners/,grade+form,SS 316L Fasteners Suppliers in Chennai | Bharat Metals,SS 316L Fasteners Suppliers in Chennai,966,450,no,5,yes,yes,yes,real image,
/ss-316l-fittings/,grade+form,SS 316L Fittings Suppliers in Chennai | Bharat Metals,SS 316L Fittings Suppliers in Chennai,973,450,no,5,yes,yes,yes,real image,
/ss-316l-flanges/,grade+form,SS 316L Flanges Suppliers in Chennai | Bharat Metals,SS 316L Flanges Suppliers in Chennai,975,450,no,5,yes,yes,yes,real image,
/ss-316l-flats/,grade+form,SS 316L Flats Suppliers in Chennai | Bharat Metals,SS 316L Flats Suppliers in Chennai,950,450,no,5,yes,yes,yes,real image,
/ss-316l-perforated-sheets/,grade+form,SS 316L Perforated Sheets Suppliers in Chennai | Bharat Metals,SS 316L Perforated Sheets Suppliers in Chennai,997,450,no,5,yes,yes,yes,real image,
/ss-316l-pipes/,grade+form,SS 316L Pipes Suppliers in Chennai | Bharat Metals,SS 316L Pipes Suppliers in Chennai,985,450,no,5,yes,yes,yes,real image,
/ss-316l-plates/,grade+form,SS 316L Plates Suppliers in Chennai | Bharat Metals,SS 316L Plates Suppliers in Chennai,978,450,no,5,yes,yes,yes,real image,
/ss-316l-rods/,grade+form,SS 316L Rods Suppliers in Chennai | Bharat Metals,SS 316L Rods Suppliers in Chennai,990,450,no,5,yes,yes,yes,real image,
/ss-316l-sheets/,grade+form,SS 316L Sheets Suppliers in Chennai | Bharat Metals,SS 316L Sheets Suppliers in Chennai,980,450,no,5,yes,yes,yes,real image,
/ss-316l-tubes/,grade+form,SS 316L Tubes Suppliers in Chennai | Bharat Metals,SS 316L Tubes Suppliers in Chennai,970,450,no,5,yes,yes,yes,real image,
/ss-316l-wire-mesh/,grade+form,SS 316L Wire Mesh Suppliers in Chennai | Bharat Metals,SS 316L Wire Mesh Suppliers in Chennai,999,450,no,5,yes,yes,yes,real image,
/ss-316l/,grade,SS 316L Suppliers in Chennai | Bharat Metals,SS 316L Stainless Steel Suppliers in Chennai,1787,700,no,7,yes,yes,yes,real image,
/ss-316ti/,grade,SS 316Ti Stainless Steel Enquiry Page | Bharat Metals Chennai,SS 316Ti Stainless Steel Enquiry Page,881,700,no,6,no,yes,yes,real image,missing popular enquiry searches
/ss-317l/,grade,SS 317L Stainless Steel Enquiry Page | Bharat Metals Chennai,SS 317L Stainless Steel Enquiry Page,880,700,no,6,no,yes,yes,real image,missing popular enquiry searches
/ss-321/,grade,SS 321 Stainless Steel Enquiry Page | Bharat Metals Chennai,SS 321 Stainless Steel Enquiry Page,881,700,no,6,no,yes,yes,real image,missing popular enquiry searches
/ss-321h/,grade,SS 321H Stainless Steel Enquiry Page | Bharat Metals Chennai,SS 321H Stainless Steel Enquiry Page,879,700,no,6,no,yes,yes,real image,missing popular enquiry searches
/ss-347/,grade,SS 347 Stainless Steel Enquiry Page | Bharat Metals Chennai,SS 347 Stainless Steel Enquiry Page,879,700,no,6,no,yes,yes,real image,missing popular enquiry searches
/ss-347h/,grade,SS 347H Stainless Steel Enquiry Page | Bharat Metals Chennai,SS 347H Stainless Steel Enquiry Page,879,700,no,6,no,yes,yes,real image,missing popular enquiry searches
/ss-409/,grade,SS 409 Stainless Steel Enquiry Page | Bharat Metals Chennai,SS 409 Stainless Steel Enquiry Page,881,700,no,6,no,yes,yes,real image,missing popular enquiry searches
/ss-409m/,grade,SS 409M Stainless Steel Enquiry Page | Bharat Metals Chennai,SS 409M Stainless Steel Enquiry Page,879,700,no,6,no,yes,yes,real image,missing popular enquiry searches
/ss-410-angles/,grade+form,SS 410 Angles Suppliers in Chennai | Bharat Metals,SS 410 Angles Suppliers in Chennai,946,450,no,5,yes,yes,yes,real image,
/ss-410-bars/,grade+form,SS 410 Bars Suppliers in Chennai | Bharat Metals,SS 410 Bars Suppliers in Chennai,1002,450,no,5,yes,yes,yes,real image,
/ss-410-channels/,grade+form,SS 410 Channels Suppliers in Chennai | Bharat Metals,SS 410 Channels Suppliers in Chennai,948,450,no,5,yes,yes,yes,real image,
/ss-410-circles/,grade+form,SS 410 Circles Suppliers in Chennai | Bharat Metals,SS 410 Circles Suppliers in Chennai,965,450,no,5,yes,yes,yes,real image,
/ss-410-coils/,grade+form,SS 410 Coils Suppliers in Chennai | Bharat Metals,SS 410 Coils Suppliers in Chennai,974,450,no,5,yes,yes,yes,real image,
/ss-410-fasteners/,grade+form,SS 410 Fasteners Suppliers in Chennai | Bharat Metals,SS 410 Fasteners Suppliers in Chennai,966,450,no,5,yes,yes,yes,real image,
/ss-410-fittings/,grade+form,SS 410 Fittings Suppliers in Chennai | Bharat Metals,SS 410 Fittings Suppliers in Chennai,973,450,no,5,yes,yes,yes,real image,
/ss-410-flanges/,grade+form,SS 410 Flanges Suppliers in Chennai | Bharat Metals,SS 410 Flanges Suppliers in Chennai,975,450,no,5,yes,yes,yes,real image,
/ss-410-flats/,grade+form,SS 410 Flats Suppliers in Chennai | Bharat Metals,SS 410 Flats Suppliers in Chennai,950,450,no,5,yes,yes,yes,real image,
/ss-410-perforated-sheets/,grade+form,SS 410 Perforated Sheets Suppliers in Chennai | Bharat Metals,SS 410 Perforated Sheets Suppliers in Chennai,997,450,no,5,yes,yes,yes,real image,
/ss-410-pipes/,grade+form,SS 410 Pipes Suppliers in Chennai | Bharat Metals,SS 410 Pipes Suppliers in Chennai,985,450,no,5,yes,yes,yes,real image,
/ss-410-plates/,grade+form,SS 410 Plates Suppliers in Chennai | Bharat Metals,SS 410 Plates Suppliers in Chennai,978,450,no,5,yes,yes,yes,real image,
/ss-410-rods/,grade+form,SS 410 Rods Suppliers in Chennai | Bharat Metals,SS 410 Rods Suppliers in Chennai,990,450,no,5,yes,yes,yes,real image,
/ss-410-sheets/,grade+form,SS 410 Sheets Suppliers in Chennai | Bharat Metals,SS 410 Sheets Suppliers in Chennai,980,450,no,5,yes,yes,yes,real image,
/ss-410-tubes/,grade+form,SS 410 Tubes Suppliers in Chennai | Bharat Metals,SS 410 Tubes Suppliers in Chennai,970,450,no,5,yes,yes,yes,real image,
/ss-410-wire-mesh/,grade+form,SS 410 Wire Mesh Suppliers in Chennai | Bharat Metals,SS 410 Wire Mesh Suppliers in Chennai,999,450,no,5,yes,yes,yes,real image,
/ss-410/,grade,SS 410 Suppliers in Chennai | Bharat Metals,SS 410 Stainless Steel Suppliers in Chennai,1775,700,no,7,yes,yes,yes,real image,
/ss-420-angles/,grade+form,SS 420 Angles Suppliers in Chennai | Bharat Metals,SS 420 Angles Suppliers in Chennai,945,450,no,5,yes,yes,yes,real image,
/ss-420-bars/,grade+form,SS 420 Bars Suppliers in Chennai | Bharat Metals,SS 420 Bars Suppliers in Chennai,1001,450,no,5,yes,yes,yes,real image,
/ss-420-channels/,grade+form,SS 420 Channels Suppliers in Chennai | Bharat Metals,SS 420 Channels Suppliers in Chennai,947,450,no,5,yes,yes,yes,real image,
/ss-420-circles/,grade+form,SS 420 Circles Suppliers in Chennai | Bharat Metals,SS 420 Circles Suppliers in Chennai,964,450,no,5,yes,yes,yes,real image,
/ss-420-coils/,grade+form,SS 420 Coils Suppliers in Chennai | Bharat Metals,SS 420 Coils Suppliers in Chennai,973,450,no,5,yes,yes,yes,real image,
/ss-420-fasteners/,grade+form,SS 420 Fasteners Suppliers in Chennai | Bharat Metals,SS 420 Fasteners Suppliers in Chennai,965,450,no,5,yes,yes,yes,real image,
/ss-420-fittings/,grade+form,SS 420 Fittings Suppliers in Chennai | Bharat Metals,SS 420 Fittings Suppliers in Chennai,972,450,no,5,yes,yes,yes,real image,
/ss-420-flanges/,grade+form,SS 420 Flanges Suppliers in Chennai | Bharat Metals,SS 420 Flanges Suppliers in Chennai,974,450,no,5,yes,yes,yes,real image,
/ss-420-flats/,grade+form,SS 420 Flats Suppliers in Chennai | Bharat Metals,SS 420 Flats Suppliers in Chennai,949,450,no,5,yes,yes,yes,real image,
/ss-420-perforated-sheets/,grade+form,SS 420 Perforated Sheets Suppliers in Chennai | Bharat Metals,SS 420 Perforated Sheets Suppliers in Chennai,996,450,no,5,yes,yes,yes,real image,
/ss-420-pipes/,grade+form,SS 420 Pipes Suppliers in Chennai | Bharat Metals,SS 420 Pipes Suppliers in Chennai,984,450,no,5,yes,yes,yes,real image,
/ss-420-plates/,grade+form,SS 420 Plates Suppliers in Chennai | Bharat Metals,SS 420 Plates Suppliers in Chennai,977,450,no,5,yes,yes,yes,real image,
/ss-420-rods/,grade+form,SS 420 Rods Suppliers in Chennai | Bharat Metals,SS 420 Rods Suppliers in Chennai,989,450,no,5,yes,yes,yes,real image,
/ss-420-sheets/,grade+form,SS 420 Sheets Suppliers in Chennai | Bharat Metals,SS 420 Sheets Suppliers in Chennai,979,450,no,5,yes,yes,yes,real image,
/ss-420-tubes/,grade+form,SS 420 Tubes Suppliers in Chennai | Bharat Metals,SS 420 Tubes Suppliers in Chennai,969,450,no,5,yes,yes,yes,real image,
/ss-420-wire-mesh/,grade+form,SS 420 Wire Mesh Suppliers in Chennai | Bharat Metals,SS 420 Wire Mesh Suppliers in Chennai,998,450,no,5,yes,yes,yes,real image,
/ss-420/,grade,SS 420 Suppliers in Chennai | Bharat Metals,SS 420 Stainless Steel Suppliers in Chennai,1771,700,no,7,yes,yes,yes,real image,
/ss-430-angles/,grade+form,SS 430 Angles Suppliers in Chennai | Bharat Metals,SS 430 Angles Suppliers in Chennai,948,450,no,5,yes,yes,yes,real image,
/ss-430-bars/,grade+form,SS 430 Bars Suppliers in Chennai | Bharat Metals,SS 430 Bars Suppliers in Chennai,1004,450,no,5,yes,yes,yes,real image,
/ss-430-channels/,grade+form,SS 430 Channels Suppliers in Chennai | Bharat Metals,SS 430 Channels Suppliers in Chennai,950,450,no,5,yes,yes,yes,real image,
/ss-430-circles/,grade+form,SS 430 Circles Suppliers in Chennai | Bharat Metals,SS 430 Circles Suppliers in Chennai,967,450,no,5,yes,yes,yes,real image,
/ss-430-coils/,grade+form,SS 430 Coils Suppliers in Chennai | Bharat Metals,SS 430 Coils Suppliers in Chennai,976,450,no,5,yes,yes,yes,real image,
/ss-430-fasteners/,grade+form,SS 430 Fasteners Suppliers in Chennai | Bharat Metals,SS 430 Fasteners Suppliers in Chennai,968,450,no,5,yes,yes,yes,real image,
/ss-430-fittings/,grade+form,SS 430 Fittings Suppliers in Chennai | Bharat Metals,SS 430 Fittings Suppliers in Chennai,975,450,no,5,yes,yes,yes,real image,
/ss-430-flanges/,grade+form,SS 430 Flanges Suppliers in Chennai | Bharat Metals,SS 430 Flanges Suppliers in Chennai,977,450,no,5,yes,yes,yes,real image,
/ss-430-flats/,grade+form,SS 430 Flats Suppliers in Chennai | Bharat Metals,SS 430 Flats Suppliers in Chennai,952,450,no,5,yes,yes,yes,real image,
/ss-430-perforated-sheets/,grade+form,SS 430 Perforated Sheets Suppliers in Chennai | Bharat Metals,SS 430 Perforated Sheets Suppliers in Chennai,999,450,no,5,yes,yes,yes,real image,
/ss-430-pipes/,grade+form,SS 430 Pipes Suppliers in Chennai | Bharat Metals,SS 430 Pipes Suppliers in Chennai,987,450,no,5,yes,yes,yes,real image,
/ss-430-plates/,grade+form,SS 430 Plates Suppliers in Chennai | Bharat Metals,SS 430 Plates Suppliers in Chennai,980,450,no,5,yes,yes,yes,real image,
/ss-430-rods/,grade+form,SS 430 Rods Suppliers in Chennai | Bharat Metals,SS 430 Rods Suppliers in Chennai,992,450,no,5,yes,yes,yes,real image,
/ss-430-sheets/,grade+form,SS 430 Sheets Suppliers in Chennai | Bharat Metals,SS 430 Sheets Suppliers in Chennai,982,450,no,5,yes,yes,yes,real image,
/ss-430-tubes/,grade+form,SS 430 Tubes Suppliers in Chennai | Bharat Metals,SS 430 Tubes Suppliers in Chennai,972,450,no,5,yes,yes,yes,real image,
/ss-430-wire-mesh/,grade+form,SS 430 Wire Mesh Suppliers in Chennai | Bharat Metals,SS 430 Wire Mesh Suppliers in Chennai,1001,450,no,5,yes,yes,yes,real image,
/ss-430/,grade,SS 430 Suppliers in Chennai | Bharat Metals,SS 430 Stainless Steel Suppliers in Chennai,1787,700,no,7,yes,yes,yes,real image,
/ss-446/,grade,SS 446 Stainless Steel Enquiry Page | Bharat Metals Chennai,SS 446 Stainless Steel Enquiry Page,877,700,no,6,no,yes,yes,real image,missing popular enquiry searches
/ss-chemical/,legacy,Stainless Steel Chemical Composition Notes | Bharat Metals,Stainless Steel Chemical Composition Notes,600,300,no,5,no,no,yes,real image,
/ss-mechanical/,legacy,Stainless Steel Mechanical Property Notes | Bharat Metals,Stainless Steel Mechanical Property Notes,599,300,no,5,no,no,yes,real image,
/ss-physical/,legacy,Stainless Steel Physical Property Notes | Bharat Metals,Stainless Steel Physical Property Notes,599,300,no,5,no,no,yes,real image,
/ss-railing-pipes-chennai/,core,Stainless Steel Railing Pipes in Chennai | Bharat Metals,Stainless Steel Railing Pipes in Chennai,920,800,no,6,yes,yes,yes,real image,
/ss-types-and-applications/,legacy,Stainless Steel Types and Applications | Bharat Metals,Stainless Steel Types and Applications,601,300,no,5,no,no,yes,real image,
/ss-wire-mesh-chennai/,core,SS Wire Mesh in Chennai | Bharat Metals,SS Wire Mesh in Chennai,974,800,no,6,yes,yes,yes,real image,
/stainless-steel-angles/,product form,Stainless Steel Angles in Chennai | Bharat Metals,Stainless Steel Angles Suppliers in Chennai,1336,700,no,7,yes,yes,yes,real image,
/stainless-steel-bars-chennai/,city+product,Bars Chennai Supply | Bharat Metals Chennai,Stainless Steel Bars in Chennai,912,450,no,5,yes,yes,yes,real image,
/stainless-steel-bars-coimbatore/,city+product,Bars Coimbatore Supply | Bharat Metals Chennai,Stainless Steel Bars in Coimbatore,910,450,no,5,yes,yes,yes,real image,
/stainless-steel-bars-hosur/,city+product,Bars Hosur Supply | Bharat Metals Chennai,Stainless Steel Bars in Hosur,902,450,no,5,yes,yes,yes,real image,
/stainless-steel-bars-madurai/,city+product,Bars Madurai Supply | Bharat Metals Chennai,Stainless Steel Bars in Madurai,906,450,no,5,yes,yes,yes,real image,
/stainless-steel-bars-pondicherry/,city+product,Bars Pondicherry Supply | Bharat Metals Chennai,Stainless Steel Bars in Pondicherry,906,450,no,5,yes,yes,yes,real image,
/stainless-steel-bars-salem/,city+product,Bars Salem Supply | Bharat Metals Chennai,Stainless Steel Bars in Salem,904,450,no,5,yes,yes,yes,real image,
/stainless-steel-bars-sricity/,city+product,Bars Sricity Supply | Bharat Metals Chennai,Stainless Steel Bars in Sricity,900,450,no,5,yes,yes,yes,real image,
/stainless-steel-bars-tada/,city+product,Bars Tada Supply | Bharat Metals Chennai,Stainless Steel Bars in Tada,898,450,no,5,yes,yes,yes,real image,
/stainless-steel-bars-tirupati/,city+product,Bars Tirupati Supply | Bharat Metals Chennai,Stainless Steel Bars in Tirupati,904,450,no,5,yes,yes,yes,real image,
/stainless-steel-bars-tiruppur/,city+product,Bars Tiruppur Supply | Bharat Metals Chennai,Stainless Steel Bars in Tiruppur,900,450,no,5,yes,yes,yes,real image,
/stainless-steel-bars-trichy/,city+product,Bars Trichy Supply | Bharat Metals Chennai,Stainless Steel Bars in Trichy,902,450,no,5,yes,yes,yes,real image,
/stainless-steel-bars/,product form,Stainless Steel Bars in Chennai | Bharat Metals,Stainless Steel Bars Suppliers in Chennai,1426,700,no,7,yes,yes,yes,real image,
/stainless-steel-channels/,product form,Stainless Steel Channels in Chennai | Bharat Metals,Stainless Steel Channels Suppliers in Chennai,1324,700,no,7,yes,yes,yes,real image,
/stainless-steel-circles/,product form,Stainless Steel Circles in Chennai | Bharat Metals,Stainless Steel Circles Suppliers in Chennai,1352,700,no,7,yes,yes,yes,real image,
/stainless-steel-coil-price-chennai/,core,Stainless Steel Coil Price in Chennai | Bharat Metals,Stainless Steel Coil Price in Chennai,1060,800,no,7,yes,yes,yes,real image,
/stainless-steel-coils/,product form,Stainless Steel Coils in Chennai | Bharat Metals,Stainless Steel Coils Suppliers in Chennai,1378,700,no,7,yes,yes,yes,real image,
/stainless-steel-dealers-george-town-chennai/,core,Stainless Steel Dealers in George Town Chennai | Bharat Metals Chennai,Stainless Steel Dealers in George Town Chennai,956,800,no,6,yes,yes,yes,real image,
/stainless-steel-equivalent-grades/,core,Stainless Steel Equivalent Grades and Standards | Bharat Metals Technical Guide,Stainless Steel Equivalent Grades and Standards,965,800,no,7,no,yes,yes,real image,
/stainless-steel-fasteners/,product form,Stainless Steel Fasteners in Chennai | Bharat Metals,Stainless Steel Fasteners Suppliers in Chennai,1365,700,no,7,yes,yes,yes,real image,
/stainless-steel-fittings/,product form,Stainless Steel Fittings in Chennai | Bharat Metals,Stainless Steel Fittings Suppliers in Chennai,1383,700,no,7,yes,yes,yes,real image,
/stainless-steel-flanges/,product form,Stainless Steel Flanges in Chennai | Bharat Metals,Stainless Steel Flanges Suppliers in Chennai,1377,700,no,7,yes,yes,yes,real image,
/stainless-steel-flats/,product form,Stainless Steel Flats in Chennai | Bharat Metals,Stainless Steel Flats Suppliers in Chennai,1340,700,no,7,yes,yes,yes,real image,
/stainless-steel-perforated-sheets/,product form,Stainless Steel Perforated Sheets in Chennai | Bharat Metals,Stainless Steel Perforated Sheets Suppliers in Chennai,1405,700,no,7,yes,yes,yes,real image,
/stainless-steel-pipe-price-chennai/,core,Stainless Steel Pipe Price in Chennai | Bharat Metals,Stainless Steel Pipe Price in Chennai,1064,800,no,7,yes,yes,yes,real image,
/stainless-steel-pipes-chennai/,city+product,Pipes Chennai Supply | Bharat Metals Chennai,Stainless Steel Pipes in Chennai,893,450,no,5,yes,yes,yes,real image,
/stainless-steel-pipes-coimbatore/,city+product,Pipes Coimbatore Supply | Bharat Metals Chennai,Stainless Steel Pipes in Coimbatore,891,450,no,5,yes,yes,yes,real image,
/stainless-steel-pipes-hosur/,city+product,Pipes Hosur Supply | Bharat Metals Chennai,Stainless Steel Pipes in Hosur,883,450,no,5,yes,yes,yes,real image,
/stainless-steel-pipes-madurai/,city+product,Pipes Madurai Supply | Bharat Metals Chennai,Stainless Steel Pipes in Madurai,887,450,no,5,yes,yes,yes,real image,
/stainless-steel-pipes-pondicherry/,city+product,Pipes Pondicherry Supply | Bharat Metals Chennai,Stainless Steel Pipes in Pondicherry,887,450,no,5,yes,yes,yes,real image,
/stainless-steel-pipes-salem/,city+product,Pipes Salem Supply | Bharat Metals Chennai,Stainless Steel Pipes in Salem,885,450,no,5,yes,yes,yes,real image,
/stainless-steel-pipes-sricity/,city+product,Pipes Sricity Supply | Bharat Metals Chennai,Stainless Steel Pipes in Sricity,881,450,no,5,yes,yes,yes,real image,
/stainless-steel-pipes-tada/,city+product,Pipes Tada Supply | Bharat Metals Chennai,Stainless Steel Pipes in Tada,879,450,no,5,yes,yes,yes,real image,
/stainless-steel-pipes-tirupati/,city+product,Pipes Tirupati Supply | Bharat Metals Chennai,Stainless Steel Pipes in Tirupati,885,450,no,5,yes,yes,yes,real image,
/stainless-steel-pipes-tiruppur/,city+product,Pipes Tiruppur Supply | Bharat Metals Chennai,Stainless Steel Pipes in Tiruppur,881,450,no,5,yes,yes,yes,real image,
/stainless-steel-pipes-trichy/,city+product,Pipes Trichy Supply | Bharat Metals Chennai,Stainless Steel Pipes in Trichy,883,450,no,5,yes,yes,yes,real image,
/stainless-steel-pipes/,product form,Stainless Steel Pipes in Chennai | Bharat Metals,Stainless Steel Pipes Suppliers in Chennai,1599,700,no,7,yes,yes,yes,real image,
/stainless-steel-plate-price-chennai/,core,Stainless Steel Plate Price in Chennai | Bharat Metals,Stainless Steel Plate Price in Chennai,1059,800,no,7,yes,yes,yes,real image,
/stainless-steel-plates-chennai/,city+product,Plates Chennai Supply | Bharat Metals Chennai,Stainless Steel Plates in Chennai,886,450,no,5,yes,yes,yes,real image,
/stainless-steel-plates-coimbatore/,city+product,Plates Coimbatore Supply | Bharat Metals Chennai,Stainless Steel Plates in Coimbatore,884,450,no,5,yes,yes,yes,real image,
/stainless-steel-plates-hosur/,city+product,Plates Hosur Supply | Bharat Metals Chennai,Stainless Steel Plates in Hosur,876,450,no,5,yes,yes,yes,real image,
/stainless-steel-plates-madurai/,city+product,Plates Madurai Supply | Bharat Metals Chennai,Stainless Steel Plates in Madurai,880,450,no,5,yes,yes,yes,real image,
/stainless-steel-plates-pondicherry/,city+product,Plates Pondicherry Supply | Bharat Metals Chennai,Stainless Steel Plates in Pondicherry,880,450,no,5,yes,yes,yes,real image,
/stainless-steel-plates-salem/,city+product,Plates Salem Supply | Bharat Metals Chennai,Stainless Steel Plates in Salem,878,450,no,5,yes,yes,yes,real image,
/stainless-steel-plates-sricity/,city+product,Plates Sricity Supply | Bharat Metals Chennai,Stainless Steel Plates in Sricity,874,450,no,5,yes,yes,yes,real image,
/stainless-steel-plates-tada/,city+product,Plates Tada Supply | Bharat Metals Chennai,Stainless Steel Plates in Tada,872,450,no,5,yes,yes,yes,real image,
/stainless-steel-plates-tirupati/,city+product,Plates Tirupati Supply | Bharat Metals Chennai,Stainless Steel Plates in Tirupati,878,450,no,5,yes,yes,yes,real image,
/stainless-steel-plates-tiruppur/,city+product,Plates Tiruppur Supply | Bharat Metals Chennai,Stainless Steel Plates in Tiruppur,874,450,no,5,yes,yes,yes,real image,
/stainless-steel-plates-trichy/,city+product,Plates Trichy Supply | Bharat Metals Chennai,Stainless Steel Plates in Trichy,876,450,no,5,yes,yes,yes,real image,
/stainless-steel-plates/,product form,Stainless Steel Plates in Chennai | Bharat Metals,Stainless Steel Plates Suppliers in Chennai,1420,700,no,7,yes,yes,yes,real image,
/stainless-steel-rod-price-chennai/,core,Stainless Steel Rod Price in Chennai | Bharat Metals,Stainless Steel Rod Price in Chennai,1063,800,no,7,yes,yes,yes,real image,
/stainless-steel-rods-chennai/,city+product,Rods Chennai Supply | Bharat Metals Chennai,Stainless Steel Rods in Chennai,904,450,no,5,yes,yes,yes,real image,
/stainless-steel-rods-coimbatore/,city+product,Rods Coimbatore Supply | Bharat Metals Chennai,Stainless Steel Rods in Coimbatore,902,450,no,5,yes,yes,yes,real image,
/stainless-steel-rods-hosur/,city+product,Rods Hosur Supply | Bharat Metals Chennai,Stainless Steel Rods in Hosur,894,450,no,5,yes,yes,yes,real image,
/stainless-steel-rods-madurai/,city+product,Rods Madurai Supply | Bharat Metals Chennai,Stainless Steel Rods in Madurai,898,450,no,5,yes,yes,yes,real image,
/stainless-steel-rods-pondicherry/,city+product,Rods Pondicherry Supply | Bharat Metals Chennai,Stainless Steel Rods in Pondicherry,898,450,no,5,yes,yes,yes,real image,
/stainless-steel-rods-salem/,city+product,Rods Salem Supply | Bharat Metals Chennai,Stainless Steel Rods in Salem,896,450,no,5,yes,yes,yes,real image,
/stainless-steel-rods-sricity/,city+product,Rods Sricity Supply | Bharat Metals Chennai,Stainless Steel Rods in Sricity,892,450,no,5,yes,yes,yes,real image,
/stainless-steel-rods-tada/,city+product,Rods Tada Supply | Bharat Metals Chennai,Stainless Steel Rods in Tada,890,450,no,5,yes,yes,yes,real image,
/stainless-steel-rods-tirupati/,city+product,Rods Tirupati Supply | Bharat Metals Chennai,Stainless Steel Rods in Tirupati,896,450,no,5,yes,yes,yes,real image,
/stainless-steel-rods-tiruppur/,city+product,Rods Tiruppur Supply | Bharat Metals Chennai,Stainless Steel Rods in Tiruppur,892,450,no,5,yes,yes,yes,real image,
/stainless-steel-rods-trichy/,city+product,Rods Trichy Supply | Bharat Metals Chennai,Stainless Steel Rods in Trichy,894,450,no,5,yes,yes,yes,real image,
/stainless-steel-rods/,product form,Stainless Steel Rods in Chennai | Bharat Metals,Stainless Steel Rods Suppliers in Chennai,1399,700,no,7,yes,yes,yes,real image,
/stainless-steel-sheet-price-chennai/,core,Stainless Steel Sheet Price in Chennai | Bharat Metals,Stainless Steel Sheet Price in Chennai,1064,800,no,7,yes,yes,yes,real image,
/stainless-steel-sheets-chennai/,city+product,Sheets Chennai Supply | Bharat Metals Chennai,Stainless Steel Sheets in Chennai,894,450,no,5,yes,yes,yes,real image,
/stainless-steel-sheets-coimbatore/,city+product,Sheets Coimbatore Supply | Bharat Metals Chennai,Stainless Steel Sheets in Coimbatore,892,450,no,5,yes,yes,yes,real image,
/stainless-steel-sheets-hosur/,city+product,Sheets Hosur Supply | Bharat Metals Chennai,Stainless Steel Sheets in Hosur,884,450,no,5,yes,yes,yes,real image,
/stainless-steel-sheets-madurai/,city+product,Sheets Madurai Supply | Bharat Metals Chennai,Stainless Steel Sheets in Madurai,888,450,no,5,yes,yes,yes,real image,
/stainless-steel-sheets-pondicherry/,city+product,Sheets Pondicherry Supply | Bharat Metals Chennai,Stainless Steel Sheets in Pondicherry,888,450,no,5,yes,yes,yes,real image,
/stainless-steel-sheets-salem/,city+product,Sheets Salem Supply | Bharat Metals Chennai,Stainless Steel Sheets in Salem,886,450,no,5,yes,yes,yes,real image,
/stainless-steel-sheets-sricity/,city+product,Sheets Sricity Supply | Bharat Metals Chennai,Stainless Steel Sheets in Sricity,882,450,no,5,yes,yes,yes,real image,
/stainless-steel-sheets-tada/,city+product,Sheets Tada Supply | Bharat Metals Chennai,Stainless Steel Sheets in Tada,880,450,no,5,yes,yes,yes,real image,
/stainless-steel-sheets-tirupati/,city+product,Sheets Tirupati Supply | Bharat Metals Chennai,Stainless Steel Sheets in Tirupati,886,450,no,5,yes,yes,yes,real image,
/stainless-steel-sheets-tiruppur/,city+product,Sheets Tiruppur Supply | Bharat Metals Chennai,Stainless Steel Sheets in Tiruppur,882,450,no,5,yes,yes,yes,real image,
/stainless-steel-sheets-trichy/,city+product,Sheets Trichy Supply | Bharat Metals Chennai,Stainless Steel Sheets in Trichy,884,450,no,5,yes,yes,yes,real image,
/stainless-steel-sheets/,product form,Stainless Steel Sheets in Chennai | Bharat Metals,Stainless Steel Sheets Suppliers in Chennai,1589,700,no,7,yes,yes,yes,real image,
/stainless-steel-suppliers-alappuzha/,city,Stainless Steel Suppliers in Alappuzha | Bharat Metals,Stainless Steel Suppliers in Alappuzha,978,600,no,6,yes,yes,yes,real image,
/stainless-steel-suppliers-ambattur-industrial-estate/,city,Stainless Steel Suppliers in Ambattur Industrial Estate | Bharat Metals Chennai,Stainless Steel Suppliers in Ambattur Industrial Estate,956,600,no,6,yes,yes,yes,real image,
/stainless-steel-suppliers-ambattur/,city,Stainless Steel Suppliers in Ambattur | Bharat Metals,Stainless Steel Suppliers in Ambattur,987,600,no,6,yes,yes,yes,real image,
/stainless-steel-suppliers-anantapur/,city,Stainless Steel Suppliers in Anantapur | Bharat Metals,Stainless Steel Suppliers in Anantapur,982,600,no,6,yes,yes,yes,real image,
/stainless-steel-suppliers-andaman-and-nicobar-islands/,city,Stainless Steel Suppliers in Andaman and Nicobar Islands | Bharat Metals,Stainless Steel Suppliers in Andaman and Nicobar Islands,1080,600,no,6,yes,yes,yes,real image,
/stainless-steel-suppliers-anna-nagar/,city,Stainless Steel Suppliers in Anna Nagar | Bharat Metals Chennai,Stainless Steel Suppliers in Anna Nagar,939,600,no,6,yes,yes,yes,real image,
/stainless-steel-suppliers-arakkonam/,city,Stainless Steel Suppliers in Arakkonam | Bharat Metals,Stainless Steel Suppliers in Arakkonam,989,600,no,6,yes,yes,yes,real image,
/stainless-steel-suppliers-arcot/,city,Stainless Steel Suppliers in Arcot | Bharat Metals,Stainless Steel Suppliers in Arcot,989,600,no,6,yes,yes,yes,real image,
/stainless-steel-suppliers-ariyalur/,city,Stainless Steel Suppliers in Ariyalur | Bharat Metals,Stainless Steel Suppliers in Ariyalur,989,600,no,6,yes,yes,yes,real image,
/stainless-steel-suppliers-armenian-street-chennai/,city,Stainless Steel Suppliers in Armenian Street Chennai | Bharat Metals,Stainless Steel Suppliers in Armenian Street Chennai,1051,600,no,6,yes,yes,yes,real image,
/stainless-steel-suppliers-avadi/,city,Stainless Steel Suppliers in Avadi | Bharat Metals,Stainless Steel Suppliers in Avadi,989,600,no,6,yes,yes,yes,real image,
/stainless-steel-suppliers-avinashi/,city,Stainless Steel Suppliers in Avinashi | Bharat Metals,Stainless Steel Suppliers in Avinashi,989,600,no,6,yes,yes,yes,real image,
/stainless-steel-suppliers-ballari/,city,Stainless Steel Suppliers in Ballari | Bharat Metals,Stainless Steel Suppliers in Ballari,978,600,no,6,yes,yes,yes,real image,
/stainless-steel-suppliers-belagavi/,city,Stainless Steel Suppliers in Belagavi | Bharat Metals,Stainless Steel Suppliers in Belagavi,978,600,no,6,yes,yes,yes,real image,
/stainless-steel-suppliers-bengaluru/,city,Stainless Steel Suppliers in Bengaluru | Bharat Metals,Stainless Steel Suppliers in Bengaluru,978,600,no,6,yes,yes,yes,real image,
/stainless-steel-suppliers-bhavani/,city,Stainless Steel Suppliers in Bhavani | Bharat Metals,Stainless Steel Suppliers in Bhavani,989,600,no,6,yes,yes,yes,real image,
/stainless-steel-suppliers-chengalpattu/,city,Stainless Steel Suppliers in Chengalpattu | Bharat Metals,Stainless Steel Suppliers in Chengalpattu,989,600,no,6,yes,yes,yes,real image,
/stainless-steel-suppliers-chennai/,city,Stainless Steel Suppliers in Chennai | Bharat Metals,Stainless Steel Suppliers in Chennai,1014,600,no,6,yes,yes,yes,real image,
/stainless-steel-suppliers-chidambaram/,city,Stainless Steel Suppliers in Chidambaram | Bharat Metals,Stainless Steel Suppliers in Chidambaram,989,600,no,6,yes,yes,yes,real image,
/stainless-steel-suppliers-chittoor/,city,Stainless Steel Suppliers in Chittoor | Bharat Metals,Stainless Steel Suppliers in Chittoor,982,600,no,6,yes,yes,yes,real image,
/stainless-steel-suppliers-coimbatore/,city,Stainless Steel Suppliers in Coimbatore | Bharat Metals,Stainless Steel Suppliers in Coimbatore,968,600,no,6,yes,yes,yes,real image,
/stainless-steel-suppliers-colombo/,city,Stainless Steel Suppliers in Colombo | Bharat Metals,Stainless Steel Suppliers in Colombo,968,600,no,6,yes,yes,yes,real image,
/stainless-steel-suppliers-cuddalore-pondicherry-belt/,city,Stainless Steel Suppliers in Cuddalore Pondicherry Belt | Bharat Metals,Stainless Steel Suppliers in Cuddalore Pondicherry Belt,1053,600,no,6,yes,yes,yes,real image,
/stainless-steel-suppliers-cuddalore/,city,Stainless Steel Suppliers in Cuddalore | Bharat Metals,Stainless Steel Suppliers in Cuddalore,974,600,no,6,yes,yes,yes,real image,
/stainless-steel-suppliers-davangere/,city,Stainless Steel Suppliers in Davangere | Bharat Metals,Stainless Steel Suppliers in Davangere,978,600,no,6,yes,yes,yes,real image,
/stainless-steel-suppliers-dharmapuri/,city,Stainless Steel Suppliers in Dharmapuri | Bharat Metals,Stainless Steel Suppliers in Dharmapuri,989,600,no,6,yes,yes,yes,real image,
/stainless-steel-suppliers-dindigul/,city,Stainless Steel Suppliers in Dindigul | Bharat Metals,Stainless Steel Suppliers in Dindigul,989,600,no,6,yes,yes,yes,real image,
/stainless-steel-suppliers-ennore/,city,Stainless Steel Suppliers in Ennore | Bharat Metals,Stainless Steel Suppliers in Ennore,989,600,no,6,yes,yes,yes,real image,
/stainless-steel-suppliers-ernakulam/,city,Stainless Steel Suppliers in Ernakulam | Bharat Metals,Stainless Steel Suppliers in Ernakulam,978,600,no,6,yes,yes,yes,real image,
/stainless-steel-suppliers-erode/,city,Stainless Steel Suppliers in Erode | Bharat Metals,Stainless Steel Suppliers in Erode,978,600,no,6,yes,yes,yes,real image,
/stainless-steel-suppliers-george-town-chennai/,city,Stainless Steel Suppliers in George Town Chennai | Bharat Metals,Stainless Steel Suppliers in George Town Chennai,1051,600,no,6,yes,yes,yes,real image,
/stainless-steel-suppliers-gudur/,city,Stainless Steel Suppliers in Gudur | Bharat Metals,Stainless Steel Suppliers in Gudur,982,600,no,6,yes,yes,yes,real image,
/stainless-steel-suppliers-guindy-industrial-estate/,city,Stainless Steel Suppliers in Guindy Industrial Estate | Bharat Metals Chennai,Stainless Steel Suppliers in Guindy Industrial Estate,956,600,no,6,yes,yes,yes,real image,
/stainless-steel-suppliers-guindy/,city,Stainless Steel Suppliers in Guindy | Bharat Metals,Stainless Steel Suppliers in Guindy,979,600,no,6,yes,yes,yes,real image,
/stainless-steel-suppliers-gummidipoondi/,city,Stainless Steel Suppliers in Gummidipoondi | Bharat Metals,Stainless Steel Suppliers in Gummidipoondi,989,600,no,6,yes,yes,yes,real image,
/stainless-steel-suppliers-hassan/,city,Stainless Steel Suppliers in Hassan | Bharat Metals,Stainless Steel Suppliers in Hassan,978,600,no,6,yes,yes,yes,real image,
/stainless-steel-suppliers-hosur/,city,Stainless Steel Suppliers in Hosur | Bharat Metals,Stainless Steel Suppliers in Hosur,950,600,no,6,yes,yes,yes,real image,
/stainless-steel-suppliers-hubballi/,city,Stainless Steel Suppliers in Hubballi | Bharat Metals,Stainless Steel Suppliers in Hubballi,978,600,no,6,yes,yes,yes,real image,
/stainless-steel-suppliers-irungattukottai/,city,Stainless Steel Suppliers in Irungattukottai | Bharat Metals,Stainless Steel Suppliers in Irungattukottai,977,600,no,6,yes,yes,yes,real image,
/stainless-steel-suppliers-kadapa/,city,Stainless Steel Suppliers in Kadapa | Bharat Metals,Stainless Steel Suppliers in Kadapa,982,600,no,6,yes,yes,yes,real image,
/stainless-steel-suppliers-kanchipuram/,city,Stainless Steel Suppliers in Kanchipuram | Bharat Metals,Stainless Steel Suppliers in Kanchipuram,989,600,no,6,yes,yes,yes,real image,
/stainless-steel-suppliers-kannur/,city,Stainless Steel Suppliers in Kannur | Bharat Metals,Stainless Steel Suppliers in Kannur,978,600,no,6,yes,yes,yes,real image,
/stainless-steel-suppliers-kanyakumari/,city,Stainless Steel Suppliers in Kanyakumari | Bharat Metals,Stainless Steel Suppliers in Kanyakumari,989,600,no,6,yes,yes,yes,real image,
/stainless-steel-suppliers-karaikal/,city,Stainless Steel Suppliers in Karaikal | Bharat Metals,Stainless Steel Suppliers in Karaikal,989,600,no,6,yes,yes,yes,real image,
/stainless-steel-suppliers-karaikudi/,city,Stainless Steel Suppliers in Karaikudi | Bharat Metals,Stainless Steel Suppliers in Karaikudi,989,600,no,6,yes,yes,yes,real image,
/stainless-steel-suppliers-karur/,city,Stainless Steel Suppliers in Karur | Bharat Metals,Stainless Steel Suppliers in Karur,989,600,no,6,yes,yes,yes,real image,
/stainless-steel-suppliers-katpadi/,city,Stainless Steel Suppliers in Katpadi | Bharat Metals,Stainless Steel Suppliers in Katpadi,989,600,no,6,yes,yes,yes,real image,
/stainless-steel-suppliers-kochi/,city,Stainless Steel Suppliers in Kochi | Bharat Metals,Stainless Steel Suppliers in Kochi,978,600,no,6,yes,yes,yes,real image,
/stainless-steel-suppliers-kolar/,city,Stainless Steel Suppliers in Kolar | Bharat Metals,Stainless Steel Suppliers in Kolar,978,600,no,6,yes,yes,yes,real image,
/stainless-steel-suppliers-kollam/,city,Stainless Steel Suppliers in Kollam | Bharat Metals,Stainless Steel Suppliers in Kollam,978,600,no,6,yes,yes,yes,real image,
/stainless-steel-suppliers-kottayam/,city,Stainless Steel Suppliers in Kottayam | Bharat Metals,Stainless Steel Suppliers in Kottayam,978,600,no,6,yes,yes,yes,real image,
/stainless-steel-suppliers-kozhikode/,city,Stainless Steel Suppliers in Kozhikode | Bharat Metals,Stainless Steel Suppliers in Kozhikode,978,600,no,6,yes,yes,yes,real image,
/stainless-steel-suppliers-krishnagiri/,city,Stainless Steel Suppliers in Krishnagiri | Bharat Metals,Stainless Steel Suppliers in Krishnagiri,989,600,no,6,yes,yes,yes,real image,
/stainless-steel-suppliers-kumbakonam/,city,Stainless Steel Suppliers in Kumbakonam | Bharat Metals,Stainless Steel Suppliers in Kumbakonam,989,600,no,6,yes,yes,yes,real image,
/stainless-steel-suppliers-madurai/,city,Stainless Steel Suppliers in Madurai | Bharat Metals,Stainless Steel Suppliers in Madurai,949,600,no,6,yes,yes,yes,real image,
/stainless-steel-suppliers-mahabalipuram/,city,Stainless Steel Suppliers in Mahabalipuram | Bharat Metals,Stainless Steel Suppliers in Mahabalipuram,989,600,no,6,yes,yes,yes,real image,
/stainless-steel-suppliers-malappuram/,city,Stainless Steel Suppliers in Malappuram | Bharat Metals,Stainless Steel Suppliers in Malappuram,978,600,no,6,yes,yes,yes,real image,
/stainless-steel-suppliers-maldives/,city,Stainless Steel Suppliers in Maldives | Bharat Metals,Stainless Steel Suppliers in Maldives,938,600,no,6,yes,yes,yes,real image,
/stainless-steel-suppliers-male/,city,Stainless Steel Suppliers in Male | Bharat Metals,Stainless Steel Suppliers in Male,968,600,no,6,yes,yes,yes,real image,
/stainless-steel-suppliers-manali/,city,Stainless Steel Suppliers in Manali | Bharat Metals,Stainless Steel Suppliers in Manali,989,600,no,6,yes,yes,yes,real image,
/stainless-steel-suppliers-mangalore/,city,Stainless Steel Suppliers in Mangalore | Bharat Metals,Stainless Steel Suppliers in Mangalore,978,600,no,6,yes,yes,yes,real image,
/stainless-steel-suppliers-maraimalai-nagar/,city,Stainless Steel Suppliers in Maraimalai Nagar | Bharat Metals,Stainless Steel Suppliers in Maraimalai Nagar,1021,600,no,6,yes,yes,yes,real image,
/stainless-steel-suppliers-mayiladuthurai/,city,Stainless Steel Suppliers in Mayiladuthurai | Bharat Metals,Stainless Steel Suppliers in Mayiladuthurai,989,600,no,6,yes,yes,yes,real image,
/stainless-steel-suppliers-mettupalayam/,city,Stainless Steel Suppliers in Mettupalayam | Bharat Metals,Stainless Steel Suppliers in Mettupalayam,989,600,no,6,yes,yes,yes,real image,
/stainless-steel-suppliers-mogappair/,city,Stainless Steel Suppliers in Mogappair | Bharat Metals Chennai,Stainless Steel Suppliers in Mogappair,922,600,no,6,yes,yes,yes,real image,
/stainless-steel-suppliers-mookernallamuthu-street-chennai/,city,Stainless Steel Suppliers in Mookernallamuthu Street Chennai | Bharat Metals,Stainless Steel Suppliers in Mookernallamuthu Street Chennai,1051,600,no,6,yes,yes,yes,real image,
/stainless-steel-suppliers-mookernallamuthu-street/,city,Stainless Steel Suppliers on Mookernallamuthu Street | Bharat Metals Chennai,Stainless Steel Suppliers on Mookernallamuthu Street,939,600,no,6,yes,yes,yes,real image,
/stainless-steel-suppliers-mysuru/,city,Stainless Steel Suppliers in Mysuru | Bharat Metals,Stainless Steel Suppliers in Mysuru,978,600,no,6,yes,yes,yes,real image,
/stainless-steel-suppliers-nagapattinam/,city,Stainless Steel Suppliers in Nagapattinam | Bharat Metals,Stainless Steel Suppliers in Nagapattinam,989,600,no,6,yes,yes,yes,real image,
/stainless-steel-suppliers-nagercoil/,city,Stainless Steel Suppliers in Nagercoil | Bharat Metals,Stainless Steel Suppliers in Nagercoil,989,600,no,6,yes,yes,yes,real image,
/stainless-steel-suppliers-naidupeta/,city,Stainless Steel Suppliers in Naidupeta | Bharat Metals,Stainless Steel Suppliers in Naidupeta,982,600,no,6,yes,yes,yes,real image,
/stainless-steel-suppliers-namakkal/,city,Stainless Steel Suppliers in Namakkal | Bharat Metals,Stainless Steel Suppliers in Namakkal,989,600,no,6,yes,yes,yes,real image,
/stainless-steel-suppliers-nellore/,city,Stainless Steel Suppliers in Nellore | Bharat Metals,Stainless Steel Suppliers in Nellore,982,600,no,6,yes,yes,yes,real image,
/stainless-steel-suppliers-neyveli/,city,Stainless Steel Suppliers in Neyveli | Bharat Metals,Stainless Steel Suppliers in Neyveli,970,600,no,6,yes,yes,yes,real image,
/stainless-steel-suppliers-ooty-udhagamandalam/,city,Stainless Steel Suppliers in Ooty Udhagamandalam | Bharat Metals,Stainless Steel Suppliers in Ooty Udhagamandalam,1021,600,no,6,yes,yes,yes,real image,
/stainless-steel-suppliers-oragadam/,city,Stainless Steel Suppliers in Oragadam | Bharat Metals,Stainless Steel Suppliers in Oragadam,985,600,no,6,yes,yes,yes,real image,
/stainless-steel-suppliers-padi/,city,Stainless Steel Suppliers in Padi | Bharat Metals Chennai,Stainless Steel Suppliers in Padi,922,600,no,6,yes,yes,yes,real image,
/stainless-steel-suppliers-palakkad/,city,Stainless Steel Suppliers in Palakkad | Bharat Metals,Stainless Steel Suppliers in Palakkad,978,600,no,6,yes,yes,yes,real image,
/stainless-steel-suppliers-palladam/,city,Stainless Steel Suppliers in Palladam | Bharat Metals,Stainless Steel Suppliers in Palladam,989,600,no,6,yes,yes,yes,real image,
/stainless-steel-suppliers-parrys-chennai/,city,Stainless Steel Suppliers in Parrys Chennai | Bharat Metals,Stainless Steel Suppliers in Parrys Chennai,1020,600,no,6,yes,yes,yes,real image,
/stainless-steel-suppliers-perambalur/,city,Stainless Steel Suppliers in Perambalur | Bharat Metals,Stainless Steel Suppliers in Perambalur,989,600,no,6,yes,yes,yes,real image,
/stainless-steel-suppliers-perundurai/,city,Stainless Steel Suppliers in Perundurai | Bharat Metals,Stainless Steel Suppliers in Perundurai,989,600,no,6,yes,yes,yes,real image,
/stainless-steel-suppliers-pollachi/,city,Stainless Steel Suppliers in Pollachi | Bharat Metals,Stainless Steel Suppliers in Pollachi,989,600,no,6,yes,yes,yes,real image,
/stainless-steel-suppliers-pondicherry/,city,Stainless Steel Suppliers in Pondicherry | Bharat Metals,Stainless Steel Suppliers in Pondicherry,955,600,no,6,yes,yes,yes,real image,
/stainless-steel-suppliers-poonamallee/,city,Stainless Steel Suppliers in Poonamallee | Bharat Metals,Stainless Steel Suppliers in Poonamallee,989,600,no,6,yes,yes,yes,real image,
/stainless-steel-suppliers-port-blair/,city,Stainless Steel Suppliers in Port Blair | Bharat Metals,Stainless Steel Suppliers in Port Blair,1018,600,no,6,yes,yes,yes,real image,
/stainless-steel-suppliers-puducherry/,city,Stainless Steel Suppliers in Puducherry | Bharat Metals,Stainless Steel Suppliers in Puducherry,983,600,no,6,yes,yes,yes,real image,
/stainless-steel-suppliers-pudukkottai/,city,Stainless Steel Suppliers in Pudukkottai | Bharat Metals,Stainless Steel Suppliers in Pudukkottai,989,600,no,6,yes,yes,yes,real image,
/stainless-steel-suppliers-rajapalayam/,city,Stainless Steel Suppliers in Rajapalayam | Bharat Metals,Stainless Steel Suppliers in Rajapalayam,989,600,no,6,yes,yes,yes,real image,
/stainless-steel-suppliers-ramanathapuram/,city,Stainless Steel Suppliers in Ramanathapuram | Bharat Metals,Stainless Steel Suppliers in Ramanathapuram,989,600,no,6,yes,yes,yes,real image,
/stainless-steel-suppliers-rameswaram/,city,Stainless Steel Suppliers in Rameswaram | Bharat Metals,Stainless Steel Suppliers in Rameswaram,989,600,no,6,yes,yes,yes,real image,
/stainless-steel-suppliers-ranipet/,city,Stainless Steel Suppliers in Ranipet | Bharat Metals,Stainless Steel Suppliers in Ranipet,989,600,no,6,yes,yes,yes,real image,
/stainless-steel-suppliers-rasipuram/,city,Stainless Steel Suppliers in Rasipuram | Bharat Metals,Stainless Steel Suppliers in Rasipuram,989,600,no,6,yes,yes,yes,real image,
/stainless-steel-suppliers-red-hills/,city,Stainless Steel Suppliers in Red Hills | Bharat Metals,Stainless Steel Suppliers in Red Hills,1021,600,no,6,yes,yes,yes,real image,
/stainless-steel-suppliers-renigunta/,city,Stainless Steel Suppliers in Renigunta | Bharat Metals,Stainless Steel Suppliers in Renigunta,1004,600,no,6,yes,yes,yes,real image,
/stainless-steel-suppliers-salem/,city,Stainless Steel Suppliers in Salem | Bharat Metals,Stainless Steel Suppliers in Salem,939,600,no,6,yes,yes,yes,real image,
/stainless-steel-suppliers-shivamogga/,city,Stainless Steel Suppliers in Shivamogga | Bharat Metals,Stainless Steel Suppliers in Shivamogga,978,600,no,6,yes,yes,yes,real image,
/stainless-steel-suppliers-sivaganga/,city,Stainless Steel Suppliers in Sivaganga | Bharat Metals,Stainless Steel Suppliers in Sivaganga,989,600,no,6,yes,yes,yes,real image,
/stainless-steel-suppliers-sivakasi/,city,Stainless Steel Suppliers in Sivakasi | Bharat Metals,Stainless Steel Suppliers in Sivakasi,989,600,no,6,yes,yes,yes,real image,
/stainless-steel-suppliers-sri-lanka/,city,Stainless Steel Suppliers in Sri Lanka | Bharat Metals,Stainless Steel Suppliers in Sri Lanka,969,600,no,6,yes,yes,yes,real image,
/stainless-steel-suppliers-sricity/,city,Stainless Steel Suppliers in Sricity | Bharat Metals,Stainless Steel Suppliers in Sricity,958,600,no,6,yes,yes,yes,real image,
/stainless-steel-suppliers-sriperumbudur/,city,Stainless Steel Suppliers in Sriperumbudur | Bharat Metals,Stainless Steel Suppliers in Sriperumbudur,984,600,no,6,yes,yes,yes,real image,
/stainless-steel-suppliers-tada/,city,Stainless Steel Suppliers in Tada | Bharat Metals,Stainless Steel Suppliers in Tada,950,600,no,6,yes,yes,yes,real image,
/stainless-steel-suppliers-tenkasi/,city,Stainless Steel Suppliers in Tenkasi | Bharat Metals,Stainless Steel Suppliers in Tenkasi,982,600,no,6,yes,yes,yes,real image,
/stainless-steel-suppliers-thanjavur/,city,Stainless Steel Suppliers in Thanjavur | Bharat Metals,Stainless Steel Suppliers in Thanjavur,989,600,no,6,yes,yes,yes,real image,
/stainless-steel-suppliers-theni/,city,Stainless Steel Suppliers in Theni | Bharat Metals,Stainless Steel Suppliers in Theni,989,600,no,6,yes,yes,yes,real image,
/stainless-steel-suppliers-thiruvananthapuram/,city,Stainless Steel Suppliers in Thiruvananthapuram | Bharat Metals,Stainless Steel Suppliers in Thiruvananthapuram,978,600,no,6,yes,yes,yes,real image,
/stainless-steel-suppliers-thrissur/,city,Stainless Steel Suppliers in Thrissur | Bharat Metals,Stainless Steel Suppliers in Thrissur,978,600,no,6,yes,yes,yes,real image,
/stainless-steel-suppliers-tindivanam/,city,Stainless Steel Suppliers in Tindivanam | Bharat Metals,Stainless Steel Suppliers in Tindivanam,989,600,no,6,yes,yes,yes,real image,
/stainless-steel-suppliers-tiruchendur/,city,Stainless Steel Suppliers in Tiruchendur | Bharat Metals,Stainless Steel Suppliers in Tiruchendur,989,600,no,6,yes,yes,yes,real image,
/stainless-steel-suppliers-tirunelveli/,city,Stainless Steel Suppliers in Tirunelveli | Bharat Metals,Stainless Steel Suppliers in Tirunelveli,989,600,no,6,yes,yes,yes,real image,
/stainless-steel-suppliers-tirupati/,city,Stainless Steel Suppliers in Tirupati | Bharat Metals,Stainless Steel Suppliers in Tirupati,980,600,no,6,yes,yes,yes,real image,
/stainless-steel-suppliers-tirupattur/,city,Stainless Steel Suppliers in Tirupattur | Bharat Metals,Stainless Steel Suppliers in Tirupattur,989,600,no,6,yes,yes,yes,real image,
/stainless-steel-suppliers-tiruppur/,city,Stainless Steel Suppliers in Tiruppur | Bharat Metals,Stainless Steel Suppliers in Tiruppur,938,600,no,6,yes,yes,yes,real image,
/stainless-steel-suppliers-tiruvallur/,city,Stainless Steel Suppliers in Tiruvallur | Bharat Metals,Stainless Steel Suppliers in Tiruvallur,989,600,no,6,yes,yes,yes,real image,
/stainless-steel-suppliers-tiruvannamalai/,city,Stainless Steel Suppliers in Tiruvannamalai | Bharat Metals,Stainless Steel Suppliers in Tiruvannamalai,989,600,no,6,yes,yes,yes,real image,
/stainless-steel-suppliers-trichy/,city,Stainless Steel Suppliers in Trichy | Bharat Metals,Stainless Steel Suppliers in Trichy,939,600,no,6,yes,yes,yes,real image,
/stainless-steel-suppliers-trivandrum/,city,Stainless Steel Suppliers in Trivandrum | Bharat Metals,Stainless Steel Suppliers in Trivandrum,978,600,no,6,yes,yes,yes,real image,
/stainless-steel-suppliers-tumakuru/,city,Stainless Steel Suppliers in Tumakuru | Bharat Metals,Stainless Steel Suppliers in Tumakuru,978,600,no,6,yes,yes,yes,real image,
/stainless-steel-suppliers-tuticorin/,city,Stainless Steel Suppliers in Tuticorin | Bharat Metals,Stainless Steel Suppliers in Tuticorin,946,600,no,6,yes,yes,yes,real image,
/stainless-steel-suppliers-udumalaipettai/,city,Stainless Steel Suppliers in Udumalaipettai | Bharat Metals,Stainless Steel Suppliers in Udumalaipettai,989,600,no,6,yes,yes,yes,real image,
/stainless-steel-suppliers-vellore/,city,Stainless Steel Suppliers in Vellore | Bharat Metals,Stainless Steel Suppliers in Vellore,989,600,no,6,yes,yes,yes,real image,
/stainless-steel-suppliers-vijayawada/,city,Stainless Steel Suppliers in Vijayawada | Bharat Metals,Stainless Steel Suppliers in Vijayawada,982,600,no,6,yes,yes,yes,real image,
/stainless-steel-suppliers-villupuram/,city,Stainless Steel Suppliers in Villupuram | Bharat Metals,Stainless Steel Suppliers in Villupuram,989,600,no,6,yes,yes,yes,real image,
/stainless-steel-suppliers-virudhunagar/,city,Stainless Steel Suppliers in Virudhunagar | Bharat Metals,Stainless Steel Suppliers in Virudhunagar,989,600,no,6,yes,yes,yes,real image,
/stainless-steel-suppliers-visakhapatnam/,city,Stainless Steel Suppliers in Visakhapatnam | Bharat Metals,Stainless Steel Suppliers in Visakhapatnam,982,600,no,6,yes,yes,yes,real image,
/stainless-steel-tubes/,product form,Stainless Steel Tubes in Chennai | Bharat Metals,Stainless Steel Tubes Suppliers in Chennai,1382,700,no,7,yes,yes,yes,real image,
/stainless-steel-wire-mesh/,product form,Stainless Steel Wire Mesh in Chennai | Bharat Metals,Stainless Steel Wire Mesh Suppliers in Chennai,1412,700,no,7,yes,yes,yes,real image,
/stainless-steel/,core,Stainless Steel Product Forms and Grades | Bharat Metals Chennai,Stainless Steel Products,2223,800,no,10,yes,no,yes,real image,
/super-duplex-2507/,core,Super Duplex 2507 Stainless Steel Enquiry Page | Bharat Metals Chennai,Super Duplex 2507 Stainless Steel Enquiry Page,892,800,no,6,no,yes,yes,real image,
/technical-data/,technical,Technical Data | Stainless Steel Buyer Reference,Technical Data,1677,450,no,9,yes,no,yes,real image,
/uns-s30400-stainless-steel-chennai/,core,UNS S30400 Stainless Steel Suppliers in Chennai | Bharat Metals Technical Guide,UNS S30400 Stainless Steel Suppliers in Chennai,959,800,no,7,no,yes,yes,real image,
/uns-s31600-stainless-steel-chennai/,core,UNS S31600 Stainless Steel Suppliers in Chennai | Bharat Metals Technical Guide,UNS S31600 Stainless Steel Suppliers in Chennai,957,800,no,7,no,yes,yes,real image,
/x2crni12-stainless-steel-chennai/,core,X2CrNi12 Stainless Steel / 409 Stainless Steel Enquiry Page | Bharat Metals Technical Guide,X2CrNi12 Stainless Steel / 409 Stainless Steel Enquiry Page,963,800,no,7,no,yes,yes,real image,
/x5crni18-10-stainless-steel-chennai/,core,X5CrNi18-10 Stainless Steel in Chennai | Bharat Metals Technical Guide,X5CrNi18-10 Stainless Steel in Chennai,945,800,no,7,no,yes,yes,real image,
