priority,url,reason,target_keyword,parent_hub_page
1,https://www.stainlesssteeldealers.com/,Homepage,Stainless Steel Dealers in Chennai,Home
1,https://www.stainlesssteeldealers.com/stainless-steel/,Core stainless hub,stainless steel suppliers in Chennai,Home
1,https://www.stainlesssteeldealers.com/products/,Core product hub,stainless steel products Chennai,Home
1,https://www.stainlesssteeldealers.com/request-quote/,RFQ conversion page,stainless steel quote Chennai,Home
1,https://www.stainlesssteeldealers.com/contact-us/,Local contact page,Bharat Metals Chennai contact,Home
1,https://www.stainlesssteeldealers.com/stainless-steel-suppliers-chennai/,Primary city money page,stainless steel suppliers Chennai,Locations
1,https://www.stainlesssteeldealers.com/jindal-stainless-steel-sheets-chennai/,Jindal sheet intent,Jindal stainless steel sheet Chennai,Stainless Steel
1,https://www.stainlesssteeldealers.com/jindal-ss-304-sheet-chennai/,Jindal SS 304 sheet intent,Jindal SS 304 sheet Chennai,Stainless Steel
1,https://www.stainlesssteeldealers.com/jindal-ss-316-sheet-chennai/,Jindal SS 316 sheet intent,Jindal SS 316 sheet Chennai,Stainless Steel
1,https://www.stainlesssteeldealers.com/jindal-stainless-steel-pipes-chennai/,Jindal pipe intent,Jindal stainless steel pipe Chennai,Stainless Steel
1,https://www.stainlesssteeldealers.com/jindal-polished-pipes-chennai/,Jindal polished pipe intent,Jindal polished pipe Chennai,Stainless Steel
1,https://www.stainlesssteeldealers.com/ss-304-sheet-price-chennai/,Price intent,SS 304 sheet price Chennai,Request Quote
1,https://www.stainlesssteeldealers.com/ss-316-sheet-price-chennai/,Price intent,SS 316 sheet price Chennai,Request Quote
1,https://www.stainlesssteeldealers.com/stainless-steel-pipe-price-chennai/,Price intent,stainless steel pipe price Chennai,Request Quote
1,https://www.stainlesssteeldealers.com/stainless-steel-pipes/,Product form hub,stainless steel pipes Chennai,Products
1,https://www.stainlesssteeldealers.com/stainless-steel-sheets/,Product form hub,stainless steel sheets Chennai,Products
1,https://www.stainlesssteeldealers.com/ss-304/,Grade hub,SS 304 suppliers Chennai,Stainless Steel
1,https://www.stainlesssteeldealers.com/ss-316/,Grade hub,SS 316 suppliers Chennai,Stainless Steel
1,https://www.stainlesssteeldealers.com/stainless-steel-suppliers-ambattur/,Priority industrial location,stainless steel suppliers Ambattur,Locations
1,https://www.stainlesssteeldealers.com/stainless-steel-suppliers-coimbatore/,Priority Tamil Nadu city,stainless steel suppliers Coimbatore,Locations
1,https://www.stainlesssteeldealers.com/stainless-steel-suppliers-sricity/,Priority industrial corridor,stainless steel suppliers Sricity,Locations
1,https://www.stainlesssteeldealers.com/stainless-steel-suppliers-tada/,Priority industrial corridor,stainless steel suppliers Tada,Locations
1,https://www.stainlesssteeldealers.com/astm-a240-stainless-steel-sheets-chennai/,ASTM sheet standard intent,ASTM A240 stainless steel sheets Chennai,Technical Data
1,https://www.stainlesssteeldealers.com/astm-a312-stainless-steel-pipes-chennai/,ASTM pipe standard intent,ASTM A312 stainless steel pipes Chennai,Technical Data
1,https://www.stainlesssteeldealers.com/blog/jindal-ss-304-sheet-chennai-buyer-guide/,Authority support blog,Jindal SS 304 sheet Chennai buyer guide,Blog
1,https://www.stainlesssteeldealers.com/blog/ss-304-sheet-price-chennai/,Price authority blog,SS 304 sheet price Chennai,Blog
1,https://www.stainlesssteeldealers.com/blog/ss-316-sheet-price-chennai/,Price authority blog,SS 316 sheet price Chennai,Blog
2,https://www.stainlesssteeldealers.com/ss-304-sheets-chennai/,City product page,SS 304 sheets Chennai,Products
2,https://www.stainlesssteeldealers.com/ss-316-sheets-chennai/,City product page,SS 316 sheets Chennai,Products
2,https://www.stainlesssteeldealers.com/stainless-steel-pipes-chennai/,City product page,stainless steel pipes Chennai,Products
2,https://www.stainlesssteeldealers.com/stainless-steel-plates/,Product form,stainless steel plates Chennai,Products
2,https://www.stainlesssteeldealers.com/stainless-steel-coils/,Product form,stainless steel coils Chennai,Products
2,https://www.stainlesssteeldealers.com/stainless-steel-rods/,Product form,stainless steel rods Chennai,Products
2,https://www.stainlesssteeldealers.com/stainless-steel-bars/,Product form,stainless steel bars Chennai,Products
2,https://www.stainlesssteeldealers.com/stainless-steel-flanges/,Product form,stainless steel flanges Chennai,Products
2,https://www.stainlesssteeldealers.com/stainless-steel-fittings/,Product form,stainless steel fittings Chennai,Products
2,https://www.stainlesssteeldealers.com/stainless-steel-wire-mesh/,Product form,stainless steel wire mesh Chennai,Products
2,https://www.stainlesssteeldealers.com/stainless-steel-perforated-sheets/,Product form,stainless steel perforated sheets Chennai,Products
2,https://www.stainlesssteeldealers.com/jindal-ss-304-sheet-price-chennai/,Jindal price intent,Jindal SS 304 sheet price Chennai,Request Quote
2,https://www.stainlesssteeldealers.com/jindal-ss-sheet-price-chennai/,Jindal price intent,Jindal SS sheet price Chennai,Request Quote
2,https://www.stainlesssteeldealers.com/jindal-ss-304-pipes-chennai/,Jindal grade pipe intent,Jindal SS 304 pipes Chennai,Stainless Steel
2,https://www.stainlesssteeldealers.com/jindal-ss-316-pipes-chennai/,Jindal grade pipe intent,Jindal SS 316 pipes Chennai,Stainless Steel
2,https://www.stainlesssteeldealers.com/x5crni18-10-stainless-steel-chennai/,Equivalent grade intent,X5CrNi18-10 stainless steel Chennai,Technical Data
2,https://www.stainlesssteeldealers.com/en-1-4301-stainless-steel-chennai/,Equivalent grade intent,EN 1.4301 stainless steel Chennai,Technical Data
2,https://www.stainlesssteeldealers.com/en-1-4401-stainless-steel-chennai/,Equivalent grade intent,EN 1.4401 stainless steel Chennai,Technical Data
2,https://www.stainlesssteeldealers.com/ss-304-equivalent-grades/,Equivalent hub,SS 304 equivalent grades,Technical Data
2,https://www.stainlesssteeldealers.com/ss-316-equivalent-grades/,Equivalent hub,SS 316 equivalent grades,Technical Data
2,https://www.stainlesssteeldealers.com/2b-finish-stainless-steel-sheets-chennai/,Finish intent,2B finish stainless steel sheets Chennai,Products
2,https://www.stainlesssteeldealers.com/mirror-finish-stainless-steel-sheets-chennai/,Finish intent,mirror finish stainless steel sheets Chennai,Products
2,https://www.stainlesssteeldealers.com/polished-stainless-steel-pipes-chennai/,Finish intent,polished stainless steel pipes Chennai,Products
2,https://www.stainlesssteeldealers.com/stainless-steel-suppliers-parrys-chennai/,Chennai micro market,stainless steel suppliers Parrys Chennai,Locations
2,https://www.stainlesssteeldealers.com/stainless-steel-dealers-george-town-chennai/,Chennai micro market,stainless steel dealers George Town Chennai,Locations
2,https://www.stainlesssteeldealers.com/stainless-steel-suppliers-gummidipoondi/,Industrial corridor location,stainless steel suppliers Gummidipoondi,Locations
2,https://www.stainlesssteeldealers.com/ss-304-sheets-parrys-chennai/,City product page,SS 304 sheets Parrys Chennai,Products
2,https://www.stainlesssteeldealers.com/ss-304-pipes-ambattur/,City product page,SS 304 pipes Ambattur,Products
2,https://www.stainlesssteeldealers.com/ss-316-pipes-sriperumbudur/,City product page,SS 316 pipes Sriperumbudur,Products
2,https://www.stainlesssteeldealers.com/ss-304-pipes-sricity/,City product page,SS 304 pipes Sricity,Products
2,https://www.stainlesssteeldealers.com/ss-316-pipes-tada/,City product page,SS 316 pipes Tada,Products
2,https://www.stainlesssteeldealers.com/stainless-steel-suppliers-hosur/,Priority industrial city,stainless steel suppliers Hosur,Locations
2,https://www.stainlesssteeldealers.com/stainless-steel-suppliers-renigunta/,Priority logistics location,stainless steel suppliers Renigunta,Locations
2,https://www.stainlesssteeldealers.com/stainless-steel-suppliers-pondicherry/,Nearby market,stainless steel suppliers Pondicherry,Locations
2,https://www.stainlesssteeldealers.com/blog/astm-a240-astm-a312-stainless-steel-buyers/,Technical authority blog,ASTM A240 ASTM A312 stainless steel buyers,Blog
2,https://www.stainlesssteeldealers.com/blog/polished-stainless-steel-pipes-for-railings-chennai/,Finish/application authority blog,polished stainless steel pipes railings Chennai,Blog
2,https://www.stainlesssteeldealers.com/blog/stainless-steel-suppliers-ambattur-buyer-checklist/,Location authority blog,stainless steel suppliers Ambattur checklist,Blog
2,https://www.stainlesssteeldealers.com/blog/stainless-steel-supply-to-sricity-and-tada/,Corridor authority blog,stainless steel supply Sricity Tada,Blog
3,https://www.stainlesssteeldealers.com/technical-data/,Technical hub,stainless steel technical data,Home
3,https://www.stainlesssteeldealers.com/locations-we-serve/,Location hub,stainless steel suppliers Tamil Nadu,Home
3,https://www.stainlesssteeldealers.com/industries-we-serve/,Industry hub,stainless steel for industries Chennai,Home
3,https://www.stainlesssteeldealers.com/ss-202/,Grade page,SS 202 suppliers Chennai,Stainless Steel
3,https://www.stainlesssteeldealers.com/ss-304l/,Grade page,SS 304L suppliers Chennai,Stainless Steel
3,https://www.stainlesssteeldealers.com/ss-316l/,Grade page,SS 316L suppliers Chennai,Stainless Steel
3,https://www.stainlesssteeldealers.com/ss-310/,Grade page,SS 310 suppliers Chennai,Stainless Steel
3,https://www.stainlesssteeldealers.com/stainless-steel-tubes/,Product form,stainless steel tubes Chennai,Products
3,https://www.stainlesssteeldealers.com/stainless-steel-angles/,Product form,stainless steel angles Chennai,Products
3,https://www.stainlesssteeldealers.com/stainless-steel-fasteners/,Product form,stainless steel fasteners Chennai,Products
